source_id,source_code,source_name,title,owner,official_url,release_year,retrieved_at,access_mode,update_frequency,automation_status,source_role,latest_snapshot_id,is_official,free_access,license_or_terms,license_note,terms_url,storage_allowed,transformation_allowed,redistribution_allowed,release_archive_decision,review_status,evidence_path,notes
BICC_GMI,BICC_GMI,Global Militarisation Index,Global Militarisation Index,Bonn International Centre for Conflict Studies (BICC),https://gmi.bicc.de/ranking-table?year=2022,2025,2026-07-17T09:14:00Z,official_metadata_methodology_and_ranking_reference,annual,latest_report_catalogued_numeric_snapshot_not_captured,numeric_source,,True,True,BICC terms apply; official report files and direct BICC exports are referenced but not bundled.,Original index publisher and authoritative methodology/report catalogue. The newest catalogued edition is GMI 2025; the active bundled numeric layer is explicitly older.,https://gmi.bicc.de/,1,1,0,exclude_raw_keep_derived,authorization_recorded_not_legal_opinion,local:internal_offline_academic_release,"BICC is the underlying index creator. No official PDF or direct BICC export is redistributed in this patch. | Normalised to central GIR include/exclude_raw_keep_derived policy; operator rights recorded. | release_mode=internal_offline_academic_release; attestation=GIR internal offline academic release, authorized by project owner, 2026-07-21"
CLOUDFLARE_RADAR_IQI,CLOUDFLARE_RADAR_IQI,Cloudflare Radar Internet Quality Index (IQI),Cloudflare Radar Internet Quality Index (IQI),"Cloudflare, Inc.",https://api.cloudflare.com/client/v4/radar/quality/iqi/summary,2026,2026-07-21T22:36:30Z,internal_offline_academic_release,continuous rolling observations,authorised_local_snapshot_installed_internal_offline_release,numeric_source,CLOUDFLARE_RADAR_IQI:2026:b45108939c1f8733,True,False,Creative Commons Attribution-NonCommercial 4.0 International (CC BY-NC 4.0),"GIR internal offline academic release, authorized by project owner, 2026-07-21; official Cloudflare Radar API snapshot fetched with project-owner authorization for the local offline academic release",https://creativecommons.org/licenses/by-nc/4.0/,1,1,0,internal_offline_academic_release_local_only,project_owner_attested,local:internal_offline_academic_release,"GIR internal offline academic release, authorized by project owner, 2026-07-21. Raw/source files remain local and are not public release artifacts."
CORPORATE_REPORTS_HTEI,CORPORATE_REPORTS_HTEI,Corporate reporting evidence register for high-technology workforce strategy,Corporate reporting evidence register for high-technology workforce strategy,Public companies and reporting issuers,local:methodology/corporate-report-register,2026,2026-07-09T17:25:48+00:00,checksum-verified official report register,curated per release,implemented_audit_register,audit_register,CORPORATE_REPORTS_HTEI:2026:33177cbd6af45e2b,False,True,Source-specific issuer terms recorded per report,Source-specific issuer terms recorded per report,local:docs/DATA_DISTRIBUTION_POLICY.md,1,1,0,exclude_raw_keep_derived,authorization_recorded_not_legal_opinion,local:internal_offline_academic_release,"Conservative archive policy. This record documents distribution handling and is not a substitute for legal advice. | release_mode=internal_offline_academic_release; attestation=GIR internal offline academic release, authorized by project owner, 2026-07-21"
DHL_GCI,DHL_GCI,DHL Global Connectedness Report 2026,DHL Global Connectedness Report 2026 — scores and ranks 2001–2024,DHL Group / DHL Initiative on Globalization at NYU Stern,https://ultraviolet.library.nyu.edu/records/rm518-hve77,2026,2026-07-17T00:00:00Z,internal_offline_academic_release,biennial_report_with_periodic_tracker_updates,official_csv_imported_internal_offline_release,numeric_source,DHL_GCI:2026:f3d9368c084daf66,True,False,All Rights Reserved; DHL website terms and any repository/file-specific terms apply.,"GIR internal offline academic release, authorized by project owner, 2026-07-21; official DHL GCI CSV imported with project-owner authorization for the local offline academic release",https://www.dhl.com/global-en/home/footer/terms-of-use.html,1,1,0,internal_offline_academic_release_local_only,project_owner_attested,local:internal_offline_academic_release,"GIR internal offline academic release, authorized by project owner, 2026-07-21. Raw/source files remain local and are not public release artifacts."
EUROSTAT_HTEC,EUROSTAT_HTEC,"Eurostat high-technology sectors, HRST and R&D datasets","Eurostat high-technology sectors, HRST and R&D datasets",Eurostat,https://ec.europa.eu/eurostat/api/dissemination/statistics/1.0/data/,2025,2026-07-10T11:05:55+00:00,official Eurostat Statistics API,regular,implemented_official_json_api,numeric_source,EUROSTAT_HTEC:2025:7938563ae48e0c7d,True,True,Eurostat reuse policy,Eurostat reuse policy,https://ec.europa.eu/eurostat/about-us/policies/copyright,1,1,1,include,authorization_recorded_not_legal_opinion,local:internal_offline_academic_release,"Conservative archive policy. This record documents distribution handling and is not a substitute for legal advice. | release_mode=internal_offline_academic_release; attestation=GIR internal offline academic release, authorized by project owner, 2026-07-21"
GEONAMES,GEONAMES,GeoNames,GeoNames geographical database,GeoNames,https://www.geonames.org/,2026,2026-07-17T00:00:00+00:00,bulk_download_and_web_services,daily,bundled_reference_with_operator_refresh,numeric_source,GEONAMES_QS_CITY_CENTROIDS_2026_GIR_V1,True,True,Creative Commons Attribution 4.0 (CC BY 4.0),Coordinates are WGS84 populated-place centroids. GIR performs the institution-to-city match and labels every coordinate as approximate unless a future source provides a campus coordinate.,https://www.geonames.org/export/,1,1,1,include,project_policy_approved,docs/UNIVERSITY_GEOGRAPHY.md,GeoNames publishes the gazetteer under CC BY 4.0 and permits commercial use with attribution. GIR publishes a derived institution-to-city crosswalk and discloses that coordinates are approximate WGS84 city centroids. This project policy record is not legal advice.
GITOC_GOCI,GITOC_GOCI,Global Organized Crime Index,Global Organized Crime Index official open-data workbook,Global Initiative Against Transnational Organized Crime (GI-TOC),https://ocindex.net/assets/downloads/global_oc_index.xlsx,2025,2026-07-17T12:23:35Z,official_open_data_excel_workbook,biennial,implemented_official_open_data_workbook,numeric_source,GITOC_GOCI:2025:0bdfe8943de5a82b,True,True,The official downloads page labels the database as Open data and invites users to download it.,No formal machine-readable licence was identified on the download page; redistribution remains registered for legal review.,https://ocindex.net/downloads,1,1,1,include,authorization_recorded_not_legal_opinion,local:internal_offline_academic_release,"The official page labels the database Open data and invites download, but no formal machine-readable licence was identified. Review redistribution terms before commercial release packaging. | Normalised to central GIR include/exclude_raw_keep_derived policy; operator rights recorded. | release_mode=internal_offline_academic_release; attestation=GIR internal offline academic release, authorized by project owner, 2026-07-21"
HARVARD_GROWTH_LAB_ATLAS_ECI,HARVARD_GROWTH_LAB_ATLAS_ECI,Atlas of Economic Complexity — Economic Complexity Index,Economic Complexity Index,Growth Lab at Harvard University,https://atlas.hks.harvard.edu/api/graphql,2024,2026-07-20T18:39:18Z,official GraphQL API or official data snapshot,annual with interim revisions,implemented_verified_official_import,numeric_source,HARVARD_GROWTH_LAB_ATLAS_ECI:2024:e4d348e0dd3dfd74,True,True,Atlas usage and citation guidance; file-specific requirements apply,GIR stores the official ECI value and derives only clearly labelled rank/percentile views.,https://atlas.hks.harvard.edu/data-downloads/,1,1,0,exclude_raw_keep_derived,authorization_recorded_not_legal_opinion,local:internal_offline_academic_release,"Conservative source-handling policy for the Economy & Finance module family; dataset-specific terms remain authoritative. | release_mode=internal_offline_academic_release; attestation=GIR internal offline academic release, authorized by project owner, 2026-07-21"
HTEI_FINAL_V6,HTEI_FINAL_V6,HTEI final comparison methodology v6,HTEI final comparison methodology v6,MGIMO / FNISC RAS,local:docs/HTEI_METHODOLOGY_V6.md,2026,2026-07-11T00:00:00+00:00,derived from archived official observations,annual,automated,numeric_source,HTEI_FINAL_V6:2026,False,True,Project methodology; underlying sources retain their own terms,Authorial composite required by the approved research report.,local:docs/HTEI_METHODOLOGY_V6.md,1,1,1,include,authorization_recorded_not_legal_opinion,local:internal_offline_academic_release,"Conservative archive policy. This record documents distribution handling and is not a substitute for legal advice. | release_mode=internal_offline_academic_release; attestation=GIR internal offline academic release, authorized by project owner, 2026-07-21"
HTEI_MULTI_SOURCE,HTEI_MULTI_SOURCE,Legacy HTEI observation-staging manifest (superseded by scientific v5),Legacy HTEI observation-staging manifest (superseded by scientific v5),MGIMO / FNISC RAS,local:methodology/htei-observation-staging-v3,2026,2026-07-10T11:14:08+00:00,computed manifest from official archived snapshots,per release build,implemented_reproducible_transform,qualitative_evidence,HTEI_MULTI_SOURCE:2026:9478115b63487ee0,False,True,Project methodology; underlying values retain original official source terms,Project methodology; underlying values retain original official source terms,local:docs/HTEI_METHODOLOGY_V6.md,1,1,1,include,authorization_recorded_not_legal_opinion,local:internal_offline_academic_release,"Conservative archive policy. This record documents distribution handling and is not a substitute for legal advice. | release_mode=internal_offline_academic_release; attestation=GIR internal offline academic release, authorized by project owner, 2026-07-21"
HTEI_SCIENTIFIC_V5,HTEI_SCIENTIFIC_V5,HTEI scientific methodology v5,HTEI scientific methodology v5,MGIMO / FNISC RAS project team,local:docs/HTEI_METHODOLOGY_V5.md,2026,2026-07-10T20:08:17+00:00,local reproducible transform,on every official-source refresh,implemented_reproducible_scientific_transform,numeric_source,HTEI_SCIENTIFIC_V5:2026:a49882386ca873a0,False,True,Project methodology; underlying official sources retain their own terms,No third-party raw data embedded in this manifest,local:docs/HTEI_METHODOLOGY_V6.md,1,1,1,include,authorization_recorded_not_legal_opinion,local:internal_offline_academic_release,"Conservative archive policy. This record documents distribution handling and is not a substitute for legal advice. | release_mode=internal_offline_academic_release; attestation=GIR internal offline academic release, authorized by project owner, 2026-07-21"
IEP_GPI,IEP_GPI,Global Peace Index 2026,Global Peace Index 2026,Institute for Economics & Peace,https://www.visionofhumanity.org/wp-content/uploads/2026/06/Global-Peace-Index-2026-Report.pdf,2026,2026-07-16T20:42:15Z,official_pdf_report_with_verified_country_table_extract,annual,implemented_official_pdf_extract,numeric_source,IEP_GPI:2026:ad3ab8ddc8163420,True,True,"Institute for Economics & Peace / Vision of Humanity report terms apply. This patch stores attributed, published country-level values and provenance; it does not redistribute the report PDF.",The official PDF is referenced by URL and SHA-256; the patch bundles only attributed country-level values.,https://www.visionofhumanity.org/maps/,1,1,1,include,authorization_recorded_not_legal_opinion,local:internal_offline_academic_release,"The official report PDF is not included. Review redistribution terms before any public data export beyond attributed country-level values. | Normalised to central GIR include/exclude_raw_keep_derived policy; operator rights recorded. | release_mode=internal_offline_academic_release; attestation=GIR internal offline academic release, authorized by project owner, 2026-07-21"
ILOSTAT_HTEI,ILOSTAT_HTEI,ILOSTAT bulk labour force indicators for HTEI,ILOSTAT bulk labour force indicators for HTEI,International Labour Organization,https://rplumber.ilo.org/files/website/bulk/indicator.html,2025,2026-07-09T17:25:10+00:00,official bulk CSV API,regular,implemented_official_bulk_csv,numeric_source,ILOSTAT_HTEI:2025:1e92f6f00fc35885,True,True,ILOSTAT bulk data terms,ILOSTAT bulk data terms,https://www.ilo.org/about-ilo/legal-notice,1,1,1,include,authorization_recorded_not_legal_opinion,local:internal_offline_academic_release,"Conservative archive policy. This record documents distribution handling and is not a substitute for legal advice. | release_mode=internal_offline_academic_release; attestation=GIR internal offline academic release, authorized by project owner, 2026-07-21"
IMF_AIPI,IMF_AIPI,IMF AI Preparedness Index 2023,Artificial Intelligence Preparedness Index,International Monetary Fund,https://data360files.worldbank.org/data360-data/data/IMF_AI/IMF_AI_WIDEF.csv,2023,2026-07-18T09:40:00+00:00,IMF dataset delivered as a public World Bank Data360 CSV,irregular,implemented_verified_derived_export_with_optional_official_download_recheck,numeric_source,IMF_AIPI:2023:1eb1ed4c7fa23ca6,True,True,IMF data reuse terms; Data360 is the machine-readable delivery channel,IMF data reuse terms apply to the statistical data. The raw CSV and IMF PDFs are excluded from the cumulative patch; a verified factual export and retrieval recipe are supplied.,https://www.imf.org/en/about/copyright-and-terms,1,1,1,exclude_raw_keep_derived,authorization_recorded_not_legal_opinion,local:internal_offline_academic_release,"IMF statistical data terms permit reuse subject to attribution and stated conditions. The cumulative patch nevertheless excludes the raw Data360 CSV and IMF PDFs, retaining a deterministic factual export, source hashes and a retrieval recipe. This project record is not legal advice. | release_mode=internal_offline_academic_release; attestation=GIR internal offline academic release, authorized by project owner, 2026-07-21"
IMF_FINANCIAL_DEVELOPMENT_INDEX,IMF_FDI,IMF Financial Development Index,International Monetary Fund Financial Development Index SDMX snapshot,International Monetary Fund,https://api.imf.org/external/sdmx/3.0/data/dataflow/IMF.MCM/FDI/1.0.0/*?startPeriod=1980&endPeriod=2023&dimensionAtObservation=AllDimensions&attributes=dsd&measures=all&includeHistory=false,2025,2026-07-21T17:19:46+00:00,internal_offline_academic_release,periodic IMF data release,official_sdmx_cli_import,numeric_source,IMF_FINANCIAL_DEVELOPMENT_INDEX:2025:0005a97a4cd09611,True,True,"IMF Copyright and Usage terms; internal offline academic release authorized by project owner, 2026-07-21","GIR internal offline academic release, authorized by project owner, 2026-07-21; official IMF SDMX snapshot cached locally with attribution.",https://www.imf.org/en/about/copyright-and-terms,1,1,0,internal_offline_academic_release_local_only,project_owner_attested,local:internal_offline_academic_release,"GIR internal offline academic release, authorized by project owner, 2026-07-21. Raw/source files remain local and are not public release artifacts."
ITU_GCI,ITU_GCI,ITU Global Cybersecurity Index 2024,Global Cybersecurity Index 2024 (fifth edition),International Telecommunication Union; machine-readable delivery via World Bank Data360,https://www.itu.int/en/ITU-D/Cybersecurity/Documents/GCIv5/2401416_1b_Global-Cybersecurity-Index-E.pdf,2024,2026-07-17T16:45:00+00:00,official report plus public machine-readable Data360 mirror of the ITU dataset,edition-based,implemented_verified_derived_export_and_hash_locked_source_recipe,numeric_source,ITU_GCI:2024:3a26fe025c436d22,True,True,ITU Terms of Use and World Bank Data360 terms,GIR excludes the raw CSV and report from the patch and distributes only factual derived rows plus a deterministic download recipe.,https://www.itu.int/en/about/Pages/terms-of-use.aspx,1,1,0,exclude_raw_keep_derived,authorization_recorded_not_legal_opinion,local:internal_offline_academic_release,"The patch excludes the raw report and Data360 CSV. It includes factual derived rows, expected source hashes and a deterministic download recipe. This project record is not legal advice. | release_mode=internal_offline_academic_release; attestation=GIR internal offline academic release, authorized by project owner, 2026-07-21"
ITU_IDI,ITU_IDI,ITU ICT Development Index 2025 dataset,ITU ICT Development Index 2025 dataset,ITU,https://www.itu.int/itu-d/reports/statistics/wp-content/uploads/sites/5/2025/06/IDIDataset_2025.xlsx,2025,2026-07-09T05:00:13+00:00,official downloadable XLSX,annual,implemented_official_download,numeric_source,ITU_IDI:2025:136cd8261e7a9a37,True,True,ITU dataset terms,ITU dataset terms,https://www.itu.int/en/about/Pages/terms-of-use.aspx,1,1,0,exclude_raw_keep_derived,authorization_recorded_not_legal_opinion,local:internal_offline_academic_release,"Conservative archive policy. This record documents distribution handling and is not a substitute for legal advice. | release_mode=internal_offline_academic_release; attestation=GIR internal offline academic release, authorized by project owner, 2026-07-21"
KOF_ETH_GLOBALISATION_INDEX,KOF_ETH_GLOBALISATION_INDEX,KOF Globalisation Index,KOF Globalisation Index,"KOF Swiss Economic Institute, ETH Zurich",https://ethz.ch/content/dam/ethz/special-interest/dual/kof-dam/documents/Globalization/2025/KOFGI_2025_public.xlsx,2025,2026-07-20T17:58:07Z,official downloadable workbook,annual,implemented_verified_official_import,numeric_source,KOF_ETH_GLOBALISATION_INDEX:2025:7318c4f2c11f639c,True,True,ETH Zurich copyright and citation terms,The patch contains code and metadata only; source workbooks are not redistributed.,https://kof.ethz.ch/footer/disclaimer-copyright.html,1,1,0,exclude_raw_keep_derived,authorization_recorded_not_legal_opinion,local:internal_offline_academic_release,"Conservative source-handling policy for the Economy & Finance module family; dataset-specific terms remain authoritative. | release_mode=internal_offline_academic_release; attestation=GIR internal offline academic release, authorized by project owner, 2026-07-21"
NATIONAL_STATS_HTEI,NATIONAL_STATS_HTEI,Curated national statistical office evidence register for HTEI,Curated national statistical office evidence register for HTEI,National statistical offices,local:methodology/national-statistics-register,2026,2026-07-09T17:25:48+00:00,checksum-verified official-file register,curated per release,implemented_audit_register,audit_register,NATIONAL_STATS_HTEI:2026:c7115d3d4f492094,False,True,Source-specific national statistical office terms recorded per snapshot,Source-specific national statistical office terms recorded per snapshot,local:docs/DATA_DISTRIBUTION_POLICY.md,1,1,0,exclude_raw_keep_derived,authorization_recorded_not_legal_opinion,local:internal_offline_academic_release,"Conservative archive policy. This record documents distribution handling and is not a substitute for legal advice. | release_mode=internal_offline_academic_release; attestation=GIR internal offline academic release, authorized by project owner, 2026-07-21"
NATIONAL_STATS_NUMERIC,NATIONAL_STATS_NUMERIC,National statistical offices — numeric layer,National statistics numeric layer,National statistical offices,local:configs/national_statistics_sources.release.json,2024,2026-07-11T11:47:37+00:00,official CSV/JSON endpoints,source-specific,configured,numeric_source,NATIONAL_STATS_NUMERIC:STATFIN_RD_FTE_11SV:20260711T114737+0000,True,True,Source-specific official terms,Distribution decisions are recorded separately.,local:docs/DATA_DISTRIBUTION_POLICY.md,1,1,0,exclude_raw_keep_derived,authorization_recorded_not_legal_opinion,local:internal_offline_academic_release,"Conservative archive policy. This record documents distribution handling and is not a substitute for legal advice. | release_mode=internal_offline_academic_release; attestation=GIR internal offline academic release, authorized by project owner, 2026-07-21"
ND_GAIN_ARCHIVAL_PANEL_1995_2021,ND_GAIN,ND-GAIN archival headline panel 1995–2021,ND-GAIN archival headline panel 1995–2021,Notre Dame Global Adaptation Initiative; verified mirror by 360info,https://github.com/360-info/report-climate-resilience-vulnerability/raw/refs/heads/main/data/ndgain-readiness-vulnerability-allyears.csv,2021,2026-07-17T07:55:00+00:00,checksummed bundled CSV mirror; provenance-separated from current release,archival_fixed_release,implemented_archival_panel_backend_and_frontend,numeric_source,ND_GAIN_ARCHIVAL_PANEL_1995_2021:2021:9354ff788765f79f,True,True,Creative Commons Attribution 3.0 Unported; attribution required,Creative Commons Attribution 3.0 Unported; attribution required,https://gain-new.crc.nd.edu/about/download,1,1,1,include,authorization_recorded_not_legal_opinion,local:internal_offline_academic_release,"Imported from the reviewed ecology patch; original scientific and licensing boundaries preserved. | release_mode=internal_offline_academic_release; attestation=GIR internal offline academic release, authorized by project owner, 2026-07-21"
NOTRE_DAME_ND_GAIN_COUNTRY_INDEX_2026,ND_GAIN_CURRENT,ND-GAIN Country Index 2026 official release descriptor and technical report,ND-GAIN Country Index 2026 official release descriptor and technical report,"Notre Dame Global Adaptation Initiative, University of Notre Dame",https://gain.nd.edu/assets/647440/ndgain_countryindex_2026.zip,2026,2026-06-26T00:00:00+00:00,official downloadable archive; bundled technical report; deterministic importer,annual_or_publisher_schedule,release_descriptor_and_local_importer_implemented,numeric_source,NOTRE_DAME_ND_GAIN_COUNTRY_INDEX_2026:2026:5b6637f86ae33d63,True,True,Creative Commons Attribution 3.0 Unported; attribution required,Creative Commons Attribution 3.0 Unported; attribution required,https://gain.nd.edu/our-work/country-index/download-data/,1,1,1,include,authorization_recorded_not_legal_opinion,local:internal_offline_academic_release,"Imported from the reviewed ecology patch; original scientific and licensing boundaries preserved. | release_mode=internal_offline_academic_release; attestation=GIR internal offline academic release, authorized by project owner, 2026-07-21"
OECD_HTEI,OECD_HTEI,OECD Data Explorer SDMX datasets for R&D and business technology capacity,OECD Data Explorer SDMX datasets for R&D and business technology capacity,OECD,https://sdmx.oecd.org/public/rest/v1/,2025,2026-07-09T17:25:18+00:00,official SDMX CSV API,regular,implemented_official_sdmx_api,numeric_source,OECD_HTEI:2025:41699485c3cff3a6,True,True,OECD Data Explorer terms,OECD Data Explorer terms,https://www.oecd.org/en/about/terms-conditions.html,1,1,0,exclude_raw_keep_derived,authorization_recorded_not_legal_opinion,local:internal_offline_academic_release,"Conservative archive policy. This record documents distribution handling and is not a substitute for legal advice. | release_mode=internal_offline_academic_release; attestation=GIR internal offline academic release, authorized by project owner, 2026-07-21"
OECD_PISA,OECD_PISA,OECD Programme for International Student Assessment (PISA),OECD PISA student performance,OECD,https://www.oecd.org/en/data/datasets/pisa-2022-database.html,2022,2026-07-17T00:00:00+00:00,"official public database, downloadable tables and SDMX API",triennial,implemented_official_seed_and_import,numeric_source,OECD_PISA:2022:67398b2bc3c8d985,True,True,OECD open-access terms / CC BY 4.0 where applicable,Attribution required. GIR publishes official domain means and a clearly labelled project composite; OECD branding is not used.,https://www.oecd.org/en/about/oecd-open-by-default-policy.html,1,1,1,include,project_policy_approved,docs/PISA_SCHOOL_KNOWLEDGE_BACKEND.md,Project distribution decision based on the cited OECD open-access terms; this is not legal advice. Do not use the OECD logo or imply endorsement. Third-party materials remain outside the licence.
OXFORD_INSIGHTS_GARI,OXFORD_INSIGHTS_GARI,Oxford Insights Government AI Readiness Index 2025 — corrected report,Government AI Readiness Index 2025,Oxford Insights,https://oxfordinsights.com/wp-content/uploads/2026/01/2025-Government-AI-Readiness-Index-Report_01_26.pdf,2025,2026-07-17T21:45:00+00:00,official corrected PDF report and methodology,annual,implemented_verified_derived_export_with_optional_pdf_recheck,numeric_source,OXFORD_INSIGHTS_GARI:2025:e31993095b7209e3,True,True,Creative Commons Attribution-ShareAlike 4.0 International (CC BY-SA 4.0),Corrected January 2026 report is licensed CC BY-SA 4.0; raw PDFs are excluded from the patch under the conservative archive policy.,https://creativecommons.org/licenses/by-sa/4.0/,1,1,1,exclude_raw_keep_derived,authorization_recorded_not_legal_opinion,local:internal_offline_academic_release,"Raw official PDFs are conservatively excluded although the report states CC BY-SA 4.0; hashes, recipe and factual export are delivered. | release_mode=internal_offline_academic_release; attestation=GIR internal offline academic release, authorized by project owner, 2026-07-21"
PORTULANS_GTCI,PORTULANS_GTCI,Global Talent Competitiveness Index 2025 report,Global Talent Competitiveness Index 2025 report,INSEAD / Portulans Institute,https://portulansinstitute.org/wp-content/uploads/2025/11/GTCI_2025_report.pdf,2025,2026-07-09T05:00:09+00:00,official PDF report extraction,annual,implemented_official_pdf_extract,numeric_source,PORTULANS_GTCI:2025:4e77bd2b04217ff5,True,True,INSEAD and Portulans Institute report terms; platform stores extracted country rank and score with provenance,INSEAD and Portulans Institute report terms; platform stores extracted country rank and score with provenance,https://www.insead.edu/about-insead/website-terms-use,1,1,0,exclude_raw_keep_derived,authorization_recorded_not_legal_opinion,local:internal_offline_academic_release,"Conservative archive policy. This record documents distribution handling and is not a substitute for legal advice. | release_mode=internal_offline_academic_release; attestation=GIR internal offline academic release, authorized by project owner, 2026-07-21"
PORTULANS_NRI,PORTULANS_NRI,Network Readiness Index 2025 report,Network Readiness Index 2025 report,Portulans Institute,https://download.networkreadinessindex.org/reports/data/2025/nri-2025.pdf,2025,2026-07-16T20:39:20+00:00,official downloadable PDF,annual,implemented_verified_derived_export_and_official_pdf_parser,numeric_source,PORTULANS_NRI:2025:51e8fd14f3b04612,True,True,Creative Commons Attribution-NonCommercial-NoDerivatives 3.0 Unported,Conservative GIR delivery policy excludes the raw report and supplies factual derived rows plus an official-host download recipe.,https://creativecommons.org/licenses/by-nc-nd/3.0/,1,1,0,exclude_raw_keep_derived,authorization_recorded_not_legal_opinion,local:internal_offline_academic_release,"The official report states CC BY-NC-ND 3.0 terms. In accordance with GIR's conservative distribution policy, the patch excludes the raw PDF and includes factual derived rows plus a deterministic official-host download recipe. Transformation permission remains unresolved pending legal review; this project record is not legal advice. | release_mode=internal_offline_academic_release; attestation=GIR internal offline academic release, authorized by project owner, 2026-07-21"
QS_ET,QS_ET,QS World University Rankings by Subject: Engineering & Technology,QS World University Rankings by Subject: Engineering & Technology,QS Quacquarelli Symonds,https://www.topuniversities.com/university-subject-rankings/engineering-technology,2026,2026-07-09T11:57:08+00:00,official public JSON endpoint archive,annual,implemented_official_web_endpoint,numeric_source,QS_ET:2026:14f3abf0a83ef973,True,True,QS TopUniversities ranking terms; public endpoint responses archived for reproducible non-commercial analysis.,QS TopUniversities ranking terms; public endpoint responses archived for reproducible non-commercial analysis.,https://www.topuniversities.com/terms-and-conditions,1,1,0,exclude_raw_keep_derived,authorization_recorded_not_legal_opinion,local:internal_offline_academic_release,"Conservative archive policy. This record documents distribution handling and is not a substitute for legal advice. | release_mode=internal_offline_academic_release; attestation=GIR internal offline academic release, authorized by project owner, 2026-07-21"
SEC_EDGAR_CORPORATE_NUMERIC,SEC_EDGAR_CORPORATE_NUMERIC,SEC EDGAR Company Facts - corporate numeric layer,SEC EDGAR Company Facts,U.S. Securities and Exchange Commission,https://www.sec.gov/search-filings/edgar-application-programming-interfaces,2026,2026-07-11T11:48:17+00:00,official JSON API,daily,automated,numeric_source,SEC_EDGAR_CORPORATE_NUMERIC:TSM:20260711T114817+0000,True,True,SEC public data and fair-access policy,Legal redistribution decision remains subject to the project legal register.,https://www.sec.gov/about/privacy-information#security,1,1,0,exclude_raw_keep_derived,authorization_recorded_not_legal_opinion,local:internal_offline_academic_release,"Conservative archive policy. This record documents distribution handling and is not a substitute for legal advice. | release_mode=internal_offline_academic_release; attestation=GIR internal offline academic release, authorized by project owner, 2026-07-21"
SHANGHAI_ARWU,SHANGHAI_ARWU,ShanghaiRanking Academic Ranking of World Universities 2025,Academic Ranking of World Universities (ARWU) 2025,ShanghaiRanking Consultancy,https://www.shanghairanking.com/rankings/arwu/2025,2025,2026-07-21T16:38:08+00:00,internal_offline_academic_release; official/public acquisition archived locally; private raw storage with GIR country aggregation published inside the local platform,annual,published_internal_offline_academic_release_loaded,numeric_source,SHANGHAI_ARWU:2025:df5144193a0e2be2,True,False,"ShanghaiRanking copyright notice and the user's applicable download, Tracker or written-permission terms","No scraping. Raw redistribution is disabled by default. Import requires recorded rights for storage, transformation and publication of the derived GIR country layer.",https://www.shanghairanking.com/rankings/arwu/2025,1,1,0,exclude_raw_keep_derived,authorization_recorded_not_legal_opinion,docs/ARWU_2025_BACKEND.md,"Internal offline academic release authorized by the project owner on 2026-07-21. Storage, transformation, institution-row display and derived country publication are enabled inside the local GIR platform; raw redistribution remains disabled. | release_mode=internal_offline_academic_release; attestation=GIR internal offline academic release, authorized by project owner, 2026-07-21"
SIPRI_MILEX,SIPRI_MILEX,SIPRI Military Expenditure Database 1949–2025,"SIPRI Military Expenditure Database 1949–2025, workbook v1.2",Stockholm International Peace Research Institute (SIPRI),https://www.sipri.org/sites/default/files/SIPRI-Milex-data-1949-2025_v1.2.xlsx,2026,2026-07-17T00:00:00Z,internal_offline_academic_release,annual,official_workbook_imported_internal_offline_release,numeric_source,SIPRI_MILEX:2026:6cc3a30b1064f9f0,True,False,"SIPRI terms and conditions apply; the operator must assess purpose, scope and permission before importing or exposing data.","GIR internal offline academic release, authorized by project owner, 2026-07-21; official SIPRI workbook imported with project-owner authorization for the local offline academic release",https://www.sipri.org/about/terms-and-conditions,1,1,0,internal_offline_academic_release_local_only,project_owner_attested,local:internal_offline_academic_release,"GIR internal offline academic release, authorized by project owner, 2026-07-21. Raw/source files remain local and are not public release artifacts."
SPECIALIZED_RATINGS_HTEI,SPECIALIZED_RATINGS_HTEI,Specialized rankings evidence used by HTEI and training-system model,Specialized rankings evidence used by HTEI and training-system model,"QS, WIPO, Portulans and other official ranking publishers",local:methodology/specialized-ratings-register,2026,2026-07-09T17:25:48+00:00,derived from archived official ranking snapshots,annual,implemented_audit_register,audit_register,SPECIALIZED_RATINGS_HTEI:2026:b0a6848a4a8e5ab3,False,True,Source-specific ranking terms; numeric layers keep original source provenance,Source-specific ranking terms; numeric layers keep original source provenance,local:docs/DATA_DISTRIBUTION_POLICY.md,1,1,0,exclude_raw_keep_derived,authorization_recorded_not_legal_opinion,local:internal_offline_academic_release,"Conservative archive policy. This record documents distribution handling and is not a substitute for legal advice. | release_mode=internal_offline_academic_release; attestation=GIR internal offline academic release, authorized by project owner, 2026-07-21"
SRC_CPI_TI,CPI_TI_OFFICIAL,Transparency International,Corruption Perceptions Index official results,Transparency International,https://images.transparencycdn.org/images/CPI2025_Results.xlsx,,,official_open_download,annual,controlled_fetch_or_manual_import,numeric_source,,True,True,CC BY 4.0 with attribution and indication of changes,Raw is not bundled in this integration stage; official workbook may be imported with checksum.,https://creativecommons.org/licenses/by/4.0/,1,1,1,include,authorization_recorded_not_legal_opinion,local:internal_offline_academic_release,"Open-data source registered conservatively; official scores and ranks are not recomputed. | release_mode=internal_offline_academic_release; attestation=GIR internal offline academic release, authorized by project owner, 2026-07-21"
SRC_GGGI_WEF,GGGI_WEF_OFFICIAL,World Economic Forum,Global Gender Gap Report official dashboard export,World Economic Forum,https://www.weforum.org/publications/global-gender-gap-report-2025/,2025,2026-07-21T17:22:34Z,internal_offline_academic_release,annual,official_or_mirror_snapshot_import,numeric_source,SRC_GGGI_WEF:2025:734c4d719bb2c3fc,True,True,operator acknowledgement required,"GIR internal offline academic release, authorized by project owner, 2026-07-21",https://www.weforum.org/about/privacy-and-terms-of-use/,1,1,0,exclude_raw_keep_derived,authorization_recorded_not_legal_opinion,local:internal_offline_academic_release,"Dormant connector awaiting an authorised structured export. | release_mode=internal_offline_academic_release; attestation=GIR internal offline academic release, authorized by project owner, 2026-07-21"
SRC_ROLI_WJP,ROLI_WJP_OFFICIAL,World Justice Project,WJP Rule of Law Index official historical workbook,World Justice Project,https://worldjusticeproject.org/rule-of-law-index/downloads/2025_wjp_rule_of_law_index_HISTORICAL_DATA_FILE.xlsx,,,official_export_with_operator_authorisation,annual,awaiting_authorized_export,numeric_source,,True,True,copyright and reuse conditions require operator review,No numerical workbook is bundled; publication remains rights-gated.,https://worldjusticeproject.org/resources/copyright-policy,1,1,0,exclude_raw_keep_derived,authorization_recorded_not_legal_opinion,local:internal_offline_academic_release,"Dormant until an operator-approved rights record and official workbook are supplied. | release_mode=internal_offline_academic_release; attestation=GIR internal offline academic release, authorized by project owner, 2026-07-21"
SRC_SDG_SDSN_GLOBAL,SDG_SDSN_OFFICIAL,SDSN SDG Transformation Center,Sustainable Development Report official database,SDSN SDG Transformation Center,https://dashboards.sdgindex.org/static/downloads/database_2026.xlsx,2026,2026-07-20T18:33:00Z,official_free_download,annual,controlled_fetch_or_manual_import,numeric_source,SRC_SDG_SDSN_GLOBAL:2026:44c30300f053d6d1,True,True,edition-specific reuse terms; operator acknowledgement required,No numerical country dataset is bundled by this patch.,https://sdgtransformationcenter.org/legal,1,1,0,exclude_raw_keep_derived,authorization_recorded_not_legal_opinion,local:internal_offline_academic_release,"Dormant until the operator records the applicable edition terms. | release_mode=internal_offline_academic_release; attestation=GIR internal offline academic release, authorized by project owner, 2026-07-21"
SRC_SPI_GLOBAL,SPI_GLOBAL_OFFICIAL,Social Progress Imperative,Global Social Progress Index authorized export,Social Progress Imperative,https://www.socialprogress.org/social-progress-index,2026,2026-07-21T17:22:33Z,internal_offline_academic_release,annual,official_snapshot_fallback,numeric_source,SRC_SPI_GLOBAL:2026:df0f4cc4e68d2bf6,True,False,user-supplied authorization required,"GIR internal offline academic release, authorized by project owner, 2026-07-21",https://www.socialprogress.org/premium-tools-for-changemaker,1,1,0,exclude_raw_keep_derived,authorization_recorded_not_legal_opinion,local:internal_offline_academic_release,"Dormant connector; rights are not inferred by GIR. | release_mode=internal_offline_academic_release; attestation=GIR internal offline academic release, authorized by project owner, 2026-07-21"
SRC_UHC_WHO_WORLD_BANK,WHO_WB_UHC_SCI_OFFICIAL,World Health Organization and World Bank,UHC Service Coverage Index official Data360 release,World Health Organization and World Bank,https://data360files.worldbank.org/data360-data/data/WB_UHC/WB_UHC_WIDEF.csv,2025,2026-07-20T18:03:40.2207809Z,official_open_download,annual,implemented_verified_official_import,numeric_source,SRC_UHC_WHO_WORLD_BANK:2025:538dc324b9f258be,True,True,CC BY 4.0 with attribution,Raw is not bundled in this integration stage; official open download may be imported with checksum.,https://creativecommons.org/licenses/by/4.0/,1,1,1,include,authorization_recorded_not_legal_opinion,local:internal_offline_academic_release,"Open-data source registered conservatively; import still requires snapshot and SHA-256. | release_mode=internal_offline_academic_release; attestation=GIR internal offline academic release, authorized by project owner, 2026-07-21"
SRC_WHR_FIGURE_2_1,WHR_FIGURE_2_1_OFFICIAL,"Wellbeing Research Centre, University of Oxford",World Happiness Report Figure 2.1 official data,"Wellbeing Research Centre, University of Oxford",https://files.worldhappiness.report/WHR26_Data_Figure_2.1.xlsx,2026,2026-07-20T18:04:01Z,official_free_download,annual,controlled_fetch_or_manual_import,numeric_source,SRC_WHR_FIGURE_2_1:2026:576e382655cec3ae,True,True,official data-sharing page; operator records reuse basis and citation,No numerical country dataset is bundled by this patch.,https://www.worldhappiness.report/data-sharing/,1,1,0,exclude_raw_keep_derived,authorization_recorded_not_legal_opinion,local:internal_offline_academic_release,"Dormant until the operator records the release-specific data-use basis. | release_mode=internal_offline_academic_release; attestation=GIR internal offline academic release, authorized by project owner, 2026-07-21"
SRC_WPFI_RSF,WPFI_RSF_OFFICIAL,Reporters Without Borders (RSF),World Press Freedom Index official annual export,Reporters Without Borders (RSF),https://rsf.org/sites/default/files/import_classement/2026.csv,,,official_export_with_operator_authorisation,annual,awaiting_authorized_export,numeric_source,,True,True,operator authorisation required; page terms restrict commercial use and derivatives by default,No numerical CSV is bundled; publication remains rights-gated.,https://rsf.org/en/methodology-used-compiling-world-press-freedom-index-2026,1,1,0,exclude_raw_keep_derived,authorization_recorded_not_legal_opinion,local:internal_offline_academic_release,"Dormant until a rights record and official export are supplied. | release_mode=internal_offline_academic_release; attestation=GIR internal offline academic release, authorized by project owner, 2026-07-21"
THE_ENG,THE_ENG,Times Higher Education World University Rankings by Subject: Engineering 2026,THE Engineering 2026,THE World Universities Insights Limited,https://www.timeshighereducation.com/world-university-rankings/2026/subject-ranking/engineering,2026,2026-07-21T16:41:54+00:00,internal_offline_academic_release; official/public acquisition archived locally; private raw storage with GIR country aggregation published inside the local platform,annual,published_internal_offline_academic_release_loaded,numeric_source,THE_ENG:2026:490923d565d1c6bb,True,False,THE Website Terms of Use and the user's separate data licence or written permission,"No scraping or raw redistribution. Import is enabled only after explicit confirmation of storage, transformation and derived-publication rights.",https://www.timeshighereducation.com/website-terms-of-use,1,1,0,exclude_raw_keep_derived,authorization_recorded_not_legal_opinion,docs/THE_ENGINEERING_2026_BACKEND.md,"Internal offline academic release authorized by the project owner on 2026-07-21. Storage, transformation, institution-row display and derived country publication are enabled inside the local GIR platform; raw redistribution remains disabled. | release_mode=internal_offline_academic_release; attestation=GIR internal offline academic release, authorized by project owner, 2026-07-21"
TOP500_ORG_GREEN500,TOP500_ORG_GREEN500,Green500 June 2026 system list,67th Green500 List — June 2026,TOP500.org,https://top500.org/files/green500/green500_top_202606.xlsx,2026,2026-07-18T15:30:00+00:00,official downloadable XLSX,semiannual,implemented_official_xlsx,numeric_source,TOP500_ORG_GREEN500:2026:c185690b57a00697,True,True,TOP500 list described as freely available; explicit open-data licence not located,Raw workbook excluded from patch; attributed derived export retained under conservative project policy.,https://top500.org/lists/green500/2026/06/,1,1,,exclude_raw_keep_derived,authorization_recorded_not_legal_opinion,local:internal_offline_academic_release,"The list is described as freely available, but no explicit open-data licence was located. Raw XLSX is excluded. This is not legal advice. | release_mode=internal_offline_academic_release; attestation=GIR internal offline academic release, authorized by project owner, 2026-07-21"
TOP500_ORG_TOP500,TOP500_ORG_TOP500,TOP500 June 2026 system list,67th TOP500 List — June 2026,TOP500.org,https://top500.org/lists/top500/2026/06/download/TOP500_202606.xlsx,2026,2026-07-18T15:30:00+00:00,official downloadable XLSX,semiannual,implemented_official_xlsx,numeric_source,TOP500_ORG_TOP500:2026:0951c19a44040d32,True,True,TOP500 list described as freely available; explicit open-data licence not located,Raw workbook excluded from patch; attributed derived export retained under conservative project policy.,https://top500.org/lists/top500/2026/06/,1,1,,exclude_raw_keep_derived,authorization_recorded_not_legal_opinion,local:internal_offline_academic_release,"The list is described as freely available, but no explicit open-data licence was located. Raw XLSX is excluded. This is not legal advice. | release_mode=internal_offline_academic_release; attestation=GIR internal offline academic release, authorized by project owner, 2026-07-21"
UIS_HTEI,UIS_HTEI,UNESCO UIS Data API: STEM tertiary graduates,UNESCO UIS Data API: STEM tertiary graduates,UNESCO Institute for Statistics,https://api.uis.unesco.org/api/public/data/indicators,2026,2026-07-10T11:03:46+00:00,official version-pinned UIS Data API,regular,implemented_official_api,numeric_source,UIS_HTEI:2026:866318c2b5765ca9,True,True,UNESCO UIS Open Data terms,UNESCO UIS Open Data terms,https://www.unesco.org/en/open-access/cc-sa,1,1,1,include,authorization_recorded_not_legal_opinion,local:internal_offline_academic_release,"Conservative archive policy. This record documents distribution handling and is not a substitute for legal advice. | release_mode=internal_offline_academic_release; attestation=GIR internal offline academic release, authorized by project owner, 2026-07-21"
UNCTAD_LSCI,UNCTAD_LSCI,UNCTAD Liner Shipping Connectivity Index,Liner shipping: Connectivity index - Quarterly (analytical),United Nations Conference on Trade and Development (UNCTAD),https://unctadstat-api.unctad.org/bulkdownload/US.LSCI/US_LSCI,2026,2026-07-20T19:16:33Z,official bulk 7z with verified CSV member,quarterly,implemented_verified_official_bulk_import,numeric_source,UNCTAD_LSCI:2026Q2:c777d645cbc437ea,True,True,Creative Commons Attribution 3.0 IGO (CC BY 3.0 IGO),UNCTAD attribution required; GIR-derived ranks and changes are labelled separately.,https://unctadstat.unctad.org/EN/FAQ.html,1,1,1,exclude_raw_keep_derived,authorization_recorded_not_legal_opinion,local:internal_offline_academic_release,"Official bulk CSV is installed, checksum-verified and published with UNCTAD attribution. | release_mode=internal_offline_academic_release; attestation=GIR internal offline academic release, authorized by project owner, 2026-07-21"
UNCTAD_PCI,UNCTAD_PCI,UNCTAD Productive Capacities Index,Productive Capacities Index,United Nations Trade and Development (UNCTAD),https://unctadstat-api.unctad.org/bulkdownload/US.PCI/US_PCI,2024,2026-07-20T19:05:36Z,official bulk 7z with verified CSV member,annual,implemented_verified_official_bulk_import,numeric_source,UNCTAD_PCI:2024:0adab3c00978c686,True,True,Creative Commons Attribution 3.0 IGO,Attribution is required; the specialised importer preserves the official snapshot and checksum.,https://unctadstat.unctad.org/EN/About.html,1,1,1,include,authorization_recorded_not_legal_opinion,local:internal_offline_academic_release,"Conservative source-handling policy for the Economy & Finance module family; dataset-specific terms remain authoritative. | release_mode=internal_offline_academic_release; attestation=GIR internal offline academic release, authorized by project owner, 2026-07-21"
UNDP_HDR,UNDP_HDR,UNDP Human Development Reports Data Center,UNDP Human Development Reports Data Center,UNDP,https://hdr.undp.org/sites/default/files/2025_HDR/HDR25_Composite_indices_complete_time_series.csv,2025,2026-07-09T05:00:02+00:00,official downloadable CSV,annual,implemented_official_download,numeric_source,UNDP_HDR:2025:61ed82e5b66c88df,True,True,UNDP Human Development Reports public data center terms,UNDP Human Development Reports public data center terms,https://hdr.undp.org/terms-use,1,1,1,include,authorization_recorded_not_legal_opinion,local:internal_offline_academic_release,"Conservative archive policy. This record documents distribution handling and is not a substitute for legal advice. | release_mode=internal_offline_academic_release; attestation=GIR internal offline academic release, authorized by project owner, 2026-07-21"
UN_DESA_EGOV,UN_DESA_EGOV,United Nations E-Government Survey 2024 Technical Appendix,United Nations E-Government Survey 2024: Technical Appendix,United Nations Department of Economic and Social Affairs (UN DESA),https://desapublications.un.org/sites/default/files/publications/2024-10/Technical%20Appendix%20%28Web%20version%29%2030102024.pdf,2024,2026-07-17T09:52:05+00:00,official downloadable PDF and data center,biennial,implemented_verified_derived_export_and_official_pdf_parser,numeric_source,UN_DESA_EGOV:2024:b0d8cf1b0ef78e0e,True,True,United Nations copyright and terms of use,Conservative GIR delivery policy excludes the raw UN publication and supplies factual derived rows plus an official-host download recipe.,https://www.un.org/en/about-us/terms-of-use,1,1,0,exclude_raw_keep_derived,authorization_recorded_not_legal_opinion,local:internal_offline_academic_release,"The raw UN publication is excluded. The patch supplies factual extracted rows and a deterministic official-host recipe. Permission status for broader redistribution remains unresolved pending legal review; this project record is not legal advice. | release_mode=internal_offline_academic_release; attestation=GIR internal offline academic release, authorized by project owner, 2026-07-21"
VDEM_V16,VDEM_V16,V-Dem Country-Year Dataset v16 — high-level democracy indices,V-Dem Country-Year Dataset v16 — high-level democracy indices,"Varieties of Democracy (V-Dem) Institute, University of Gothenburg",https://github.com/xmarquez/democracyData/tree/a940f616802f9e2f6e484775bdde1e09deaa21db,2026,2026-07-18T10:15:00+00:00,versioned CC BY-SA 4.0 RDA subset with deterministic GIR canonical CSV,annual,implemented_versioned_snapshot,numeric_source,VDEM_V16:2026:2d9ea9812e86f0f4,True,True,Creative Commons Attribution-ShareAlike 4.0 International (CC BY-SA 4.0),Creative Commons Attribution-ShareAlike 4.0 International (CC BY-SA 4.0),https://creativecommons.org/licenses/by-sa/4.0/,1,1,1,include_share_alike,authorization_recorded_not_legal_opinion,local:internal_offline_academic_release,"CC BY-SA 4.0 requires attribution and ShareAlike for adapted material. This registry record documents handling and is not legal advice. | release_mode=internal_offline_academic_release; attestation=GIR internal offline academic release, authorized by project owner, 2026-07-21"
WEF_ENERGY_TRANSITION_INDEX_2026,ETI,World Economic Forum Energy Transition Index 2026,World Economic Forum Energy Transition Index 2026,"World Economic Forum, in collaboration with Accenture",https://www.weforum.org/publications/energy-transition-index-2026/,2026,2026-07-17T00:00:00+00:00,exact official headline table with checksums; authorised detailed-export importer,annual,implemented_official_headline_backend_frontend_and_authorised_importer,numeric_source,WEF_ENERGY_TRANSITION_INDEX_2026:2026:e6bb163aed2f9a48,True,False,WEF publication terms; CC BY-NC-ND 4.0 default terms; commercial use requires permission,WEF publication terms; CC BY-NC-ND 4.0 default terms; commercial use requires permission,https://www.weforum.org/about/licence-terms-on-the-use-of-forum-publications-and-materials/,1,1,0,exclude_raw_keep_derived,authorization_recorded_not_legal_opinion,local:internal_offline_academic_release,"Imported from the reviewed ecology patch; original scientific and licensing boundaries preserved. | release_mode=internal_offline_academic_release; attestation=GIR internal offline academic release, authorized by project owner, 2026-07-21"
WIKIPEDIA_GMI_2022_TABLE,WIKIPEDIA_GMI_2022_TABLE,Wikipedia GMI 2022 table — permanent revision 1359299505,Wikipedia GMI 2022 table — permanent revision 1359299505,Wikipedia contributors / Wikimedia Foundation,https://en.wikipedia.org/w/index.php?title=List_of_countries_by_Global_Militarization_Index&oldid=1359299505,2022,2026-07-17T09:14:00Z,locked_attributed_secondary_table_snapshot,frozen_revision,implemented_complete_secondary_snapshot,numeric_source,WIKIPEDIA_GMI_2022_TABLE:2022:40df8338aacb6306,False,True,Creative Commons Attribution-ShareAlike 4.0 International (CC BY-SA 4.0),"Wikipedia contributors, “List of countries by Global Militarization Index,” revision 1359299505; underlying index publisher BICC.",https://creativecommons.org/licenses/by-sa/4.0/,1,1,1,include,authorization_recorded_not_legal_opinion,local:internal_offline_academic_release,"The bundled source transcription and normalized derivative retain CC BY-SA 4.0 attribution and share-alike notice. | Normalised to central GIR include/exclude_raw_keep_derived policy; operator rights recorded. | release_mode=internal_offline_academic_release; attestation=GIR internal offline academic release, authorized by project owner, 2026-07-21"
WIPO_GII,WIPO_GII,WIPO Global Innovation Index 2025 database,WIPO Global Innovation Index 2025 database,WIPO,https://tind.wipo.int/record/58882/files/wipo-pub-2000-2025-gii-tech1.xlsx,2025,2026-07-09T05:00:11+00:00,official downloadable XLSX,annual,implemented_official_download,numeric_source,WIPO_GII:2025:29dac5fadb7c1ef3,True,True,WIPO Global Innovation Index data publication terms,WIPO Global Innovation Index data publication terms,https://www.wipo.int/copyright/en/,1,1,0,exclude_raw_keep_derived,authorization_recorded_not_legal_opinion,local:internal_offline_academic_release,"Conservative archive policy. This record documents distribution handling and is not a substitute for legal advice. | release_mode=internal_offline_academic_release; attestation=GIR internal offline academic release, authorized by project owner, 2026-07-21"
WORLD_BANK_COUNTRIES,WORLD_BANK_COUNTRIES,World Bank Countries API metadata,World Bank Countries API metadata,World Bank,https://api.worldbank.org/v2/country?format=json&per_page=400,2026,2026-07-10T07:37:23+00:00,official REST API,regular,implemented_official_api,reference_metadata,WORLD_BANK_COUNTRIES:2026:752315ee83a4ceb4,True,True,World Bank Open Data terms,World Bank Open Data terms,https://www.worldbank.org/en/about/legal/terms-of-use-for-datasets,1,1,1,include,authorization_recorded_not_legal_opinion,local:internal_offline_academic_release,"Conservative archive policy. This record documents distribution handling and is not a substitute for legal advice. | release_mode=internal_offline_academic_release; attestation=GIR internal offline academic release, authorized by project owner, 2026-07-21"
WORLD_BANK_GLOBAL_FINDEX,WORLD_BANK_GLOBAL_FINDEX,World Bank Global Findex Database,Global Findex Database 2025,World Bank,https://thedocs.worldbank.org/en/doc/be6615202d1f08a25855c8ac2d615122-0050012025/related/GlobalFindexDatabase2025.csv,2025,2026-07-20T18:00:58Z,official downloadable CSV/XLSX,survey waves,implemented_verified_official_import,numeric_source,WORLD_BANK_GLOBAL_FINDEX:2025:dce89f60a9aceaf6,True,True,Creative Commons Attribution 4.0 International (CC BY 4.0),Global Findex is registered as a multidimensional indicator database; no synthetic overall score is created.,https://www.worldbank.org/en/about/legal/terms-of-use-for-datasets,1,1,1,include,authorization_recorded_not_legal_opinion,local:internal_offline_academic_release,"Conservative source-handling policy for the Economy & Finance module family; dataset-specific terms remain authoritative. | release_mode=internal_offline_academic_release; attestation=GIR internal offline academic release, authorized by project owner, 2026-07-21"
WORLD_BANK_HCI,WORLD_BANK_HCI,World Bank Human Capital Index API,World Bank Human Capital Index API,World Bank,https://api.worldbank.org/v2/source/63,2020,2026-07-09T05:00:03+00:00,official REST API,irregular,implemented_official_api,numeric_source,WORLD_BANK_HCI:2020:936ada2721306c57,True,True,World Bank Open Data terms,World Bank Open Data terms,https://www.worldbank.org/en/about/legal/terms-of-use-for-datasets,1,1,1,include,authorization_recorded_not_legal_opinion,local:internal_offline_academic_release,"Conservative archive policy. This record documents distribution handling and is not a substitute for legal advice. | release_mode=internal_offline_academic_release; attestation=GIR internal offline academic release, authorized by project owner, 2026-07-21"
WORLD_BANK_HCIPLUS,WORLD_BANK_HCIPLUS,World Bank Human Capital Index Plus 2026,HCI+ 2026 country briefs,World Bank,https://humancapital.worldbank.org/en/country-briefs,2026,2026-07-11T12:05:47+00:00,official country-brief PDFs,edition based,automated,numeric_source,WORLD_BANK_HCIPLUS:INDEX:20260711T114545+0000,True,True,World Bank Open Knowledge / country-brief terms,Release uses official country briefs and source attribution.,https://openknowledge.worldbank.org/entities/publication/dfa7e24c-72f4-4903-88af-346f89875842,1,1,1,include,authorization_recorded_not_legal_opinion,local:internal_offline_academic_release,"Conservative archive policy. This record documents distribution handling and is not a substitute for legal advice. | release_mode=internal_offline_academic_release; attestation=GIR internal offline academic release, authorized by project owner, 2026-07-21"
WORLD_BANK_HTEI,WORLD_BANK_HTEI,World Bank indicators for high-technology workforce capacity,World Bank indicators for high-technology workforce capacity,World Bank,https://api.worldbank.org/v2/indicator,2025,2026-07-09T05:00:14+00:00,official REST API,regular,implemented_official_api,numeric_source,WORLD_BANK_HTEI:2025:31f2c8c20b5c4ca4,True,True,World Bank Open Data terms,World Bank Open Data terms,https://www.worldbank.org/en/about/legal/terms-of-use-for-datasets,1,1,1,include,authorization_recorded_not_legal_opinion,local:internal_offline_academic_release,"Conservative archive policy. This record documents distribution handling and is not a substitute for legal advice. | release_mode=internal_offline_academic_release; attestation=GIR internal offline academic release, authorized by project owner, 2026-07-21"
WORLD_BANK_LPI,WB_LPI,World Bank Logistics Performance Indicators,World Bank LPI 2.0 and survey-based LPI official Data360 snapshots,World Bank,https://data360.worldbank.org/en/dataset/WB_LPI_20,2025,2026-07-18T06:00:00Z,official_open_data_csv_snapshots,irregular / annual operational data,implemented_bundled_official_data360_snapshots,numeric_source,WORLD_BANK_LPI:LPI2:2025:5e67048bfb3b6b93,True,True,Creative Commons Attribution 4.0 International,CC BY 4.0; attribution and indication of GIR transformations are required.,https://creativecommons.org/licenses/by/4.0/,1,1,1,include,authorization_recorded_not_legal_opinion,local:internal_offline_academic_release,"Official Data360 dataset pages identify the data license as CC BY 4.0. | Normalised to central GIR include/exclude_raw_keep_derived policy; operator rights recorded. | release_mode=internal_offline_academic_release; attestation=GIR internal offline academic release, authorized by project owner, 2026-07-21"
WORLD_BANK_WGI,WORLD_BANK_WGI,Worldwide Governance Indicators 2025 revised dataset with source data,Worldwide Governance Indicators 2025 revised dataset with source data,World Bank,https://datacatalogfiles.worldbank.org/ddh-published/0038026/DR0095947/wgidataset_with_sourcedata-2025.xlsx,2025,2026-07-17T19:02:17+00:00,official downloadable XLSX with source-by-dimension means,annual,implemented_official_download,numeric_source,WORLD_BANK_WGI:2025:25a2f9eabb90b009,True,True,Creative Commons Attribution 4.0 International (CC BY 4.0); attribution to the World Bank Worldwide Governance Indicators is required and changes must be indicated.,Creative Commons Attribution 4.0 International (CC BY 4.0); attribution to the World Bank Worldwide Governance Indicators is required and changes must be indicated.,https://datacatalog.worldbank.org/public-licenses?fragment=cc,1,1,1,include,authorization_recorded_not_legal_opinion,local:internal_offline_academic_release,"Open-data delivery policy; this registry record documents handling and is not legal advice. | release_mode=internal_offline_academic_release; attestation=GIR internal offline academic release, authorized by project owner, 2026-07-21"
WORLD_RISK_INDEX_2025,WORLD_RISK_INDEX,WorldRiskIndex 2025 and official harmonized trend 2000–2025,WorldRiskIndex 2025 and official harmonized trend 2000–2025,"Bündnis Entwicklung Hilft / Institute for International Law of Peace and Armed Conflict (IFHV), Ruhr University Bochum",https://weltrisikobericht.de/worldriskreport/,2025,2026-07-17T00:00:00+00:00,official checksummed XLSX/CSV files; immutable bundled snapshot,annual,implemented_official_backend_frontend_and_importer,numeric_source,WORLD_RISK_INDEX_2025:2025:f29649d5da03d4b0,True,True,Creative Commons Attribution 4.0 International,Creative Commons Attribution 4.0 International,https://creativecommons.org/licenses/by/4.0/,1,1,1,include,authorization_recorded_not_legal_opinion,local:internal_offline_academic_release,"Imported from the reviewed ecology patch; original scientific and licensing boundaries preserved. | release_mode=internal_offline_academic_release; attestation=GIR internal offline academic release, authorized by project owner, 2026-07-21"
YALE_EPI_2026,EPI,"Environmental Performance Index 2026: scores, trends and ranks","Environmental Performance Index 2026: scores, trends and ranks","Yale Center for Environmental Law & Policy / CIESIN, Columbia University",https://epi.yale.edu/downloads/epi2026results2026-07-07.xlsx,2026,2026-07-16T20:33:58+00:00,official downloadable XLSX; immutable bundled snapshot,biennial_or_publisher_schedule,implemented_official_snapshot_import_and_frontend,numeric_source,YALE_EPI_2026:2026:1f8dcceb4f7dc381,True,True,CC BY-NC-SA 4.0; non-commercial use and share-alike attribution requirements,CC BY-NC-SA 4.0; non-commercial use and share-alike attribution requirements,https://creativecommons.org/licenses/by-nc-sa/4.0/,1,1,1,include,authorization_recorded_not_legal_opinion,local:internal_offline_academic_release,"Imported from the reviewed ecology patch; original scientific and licensing boundaries preserved. | release_mode=internal_offline_academic_release; attestation=GIR internal offline academic release, authorized by project owner, 2026-07-21"
world-bank-business-ready,WORLD_BANK_BREADY,World Bank Business Ready (B-READY),Business Ready (B-READY),World Bank Group,https://www.worldbank.org/en/businessready,2025,2026-07-20T18:38:29Z,official downloadable release bundle,annual during rollout,implemented_verified_official_import,numeric_source,world-bank-business-ready:2025:59a8a83b5d91faf7,True,True,Creative Commons Attribution 4.0 International (CC BY 4.0),Official pillar and topic scores are stored separately; GIR does not invent an aggregate economy score.,https://www.worldbank.org/en/about/legal/terms-of-use-for-datasets,1,1,1,include,authorization_recorded_not_legal_opinion,local:internal_offline_academic_release,"Conservative source-handling policy for the Economy & Finance module family; dataset-specific terms remain authoritative. | release_mode=internal_offline_academic_release; attestation=GIR internal offline academic release, authorized by project owner, 2026-07-21"
