release_year,source_order,iso3,country_name,rank,tied_rank,score,rank_change,rank_change_direction,ongoing_conflict_score,societal_safety_security_score,militarisation_score,quality_flag,source_overall_pdf_page,source_domains_pdf_pages
2026,1,ISL,Iceland,1,0,1.161,0,same,1.101,1.288,1.027,official_published_value,12,"114,115,116"
2026,2,NZL,New Zealand,2,0,1.343,1,up,1.119,1.497,1.409,official_published_value,12,"114,115,116"
2026,3,CHE,Switzerland,3,0,1.363,-1,down,1.144,1.433,1.564,official_published_value,12,"114,115,116"
2026,4,SVN,Slovenia,4,0,1.369,2,up,1.302,1.452,1.308,official_published_value,12,"114,115,116"
2026,5,IRL,Ireland,5,0,1.371,-1,down,1.220,1.525,1.339,official_published_value,12,"114,115,116"
2026,6,AUT,Austria,6,0,1.421,-1,down,1.245,1.622,1.336,official_published_value,12,"114,115,116"
2026,7,PRT,Portugal,7,0,1.427,1,up,1.254,1.669,1.231,official_published_value,12,"114,115,116"
2026,8,SGP,Singapore,8,0,1.435,-1,down,1.119,1.341,2.095,official_published_value,12,"114,115,116"
2026,9,FIN,Finland,9,0,1.478,1,up,1.547,1.287,1.717,official_published_value,12,"114,115,116"
2026,10,JPN,Japan,10,0,1.489,3,up,1.503,1.296,1.794,official_published_value,12,"114,115,116"
2026,11,DNK,Denmark,11,0,1.504,-2,down,1.346,1.321,2.080,official_published_value,12,"114,115,116"
2026,12,MYS,Malaysia,12,0,1.513,-1,down,1.225,1.917,1.204,official_published_value,12,"114,115,116"
2026,13,CZE,Czechia,13,0,1.517,-1,down,1.364,1.641,1.498,official_published_value,12,"114,115,116"
2026,14,CAN,Canada,14,0,1.525,1,up,1.465,1.554,1.569,official_published_value,12,"114,115,116"
2026,15,HUN,Hungary,15,0,1.538,-1,down,1.403,1.717,1.426,official_published_value,12,"114,115,116"
2026,16,BTN,Bhutan,16,0,1.546,2,up,1.419,1.788,1.281,official_published_value,12,"114,115,116"
2026,17,NLD,Netherlands,17,0,1.566,0,same,1.286,1.473,2.169,official_published_value,12,"114,115,116"
2026,18,MUS,Mauritius,18,0,1.586,11,up,1.101,2.096,1.369,official_published_value,12,"114,115,116"
2026,19,LVA,Latvia,19,0,1.589,0,same,1.538,1.558,1.713,official_published_value,12,"114,115,116"
2026,20,AUS,Australia,20,0,1.602,4,up,1.465,1.663,1.704,official_published_value,12,"114,115,116"
2026,21,BEL,Belgium,21,0,1.608,-5,down,1.267,1.695,1.992,official_published_value,12,"114,115,116"
2026,22,POL,Poland,22,0,1.615,23,up,1.424,1.606,1.935,official_published_value,12,"114,115,116"
2026,23,HRV,Croatia,23,0,1.619,2,up,1.403,1.700,1.820,official_published_value,12,"114,115,116"
2026,24,LTU,Lithuania,24,0,1.620,3,up,1.547,1.494,1.956,official_published_value,12,"114,115,116"
2026,25,EST,Estonia,25,0,1.623,-5,down,1.547,1.454,2.068,official_published_value,12,"114,115,116"
2026,26,BGR,Bulgaria,26,0,1.628,-4,down,1.403,1.735,1.795,official_published_value,12,"114,115,116"
2026,27,ESP,Spain,27,0,1.654,4,up,1.360,1.765,1.884,official_published_value,12,"114,115,116"
2026,28,DEU,Germany,28,0,1.657,-5,down,1.267,1.739,2.083,official_published_value,12,"114,115,116"
2026,29,SVK,Slovakia,29,0,1.661,-3,down,1.604,1.749,1.585,official_published_value,12,"114,115,116"
2026,30,MNE,Montenegro,30,0,1.672,-2,down,1.503,1.817,1.690,official_published_value,12,"114,115,116"
2026,31,QAT,Qatar,31,0,1.676,-10,down,1.674,1.369,2.247,official_published_value,12,"114,115,116"
2026,32,TLS,Timor-Leste,32,0,1.681,-2,down,1.503,1.885,1.604,official_published_value,12,"114,115,116"
2026,33,NOR,Norway,33,0,1.688,0,same,1.565,1.243,2.689,official_published_value,12,"114,115,116"
2026,34,MNG,Mongolia,34,0,1.692,4,up,1.302,2.148,1.423,official_published_value,12,"114,115,116"
2026,35,ITA,Italy,35,0,1.712,0,same,1.245,1.664,2.494,official_published_value,12,"114,115,116"
2026,36,ALB,Albania,36,0,1.725,7,up,1.503,1.812,1.933,official_published_value,12,"114,115,116"
2026,37,UZB,Uzbekistan,37,0,1.726,10,up,1.411,1.995,1.737,official_published_value,12,"114,115,116"
2026,38,GNQ,Equatorial Guinea,38,0,1.729,20,up,1.705,1.875,1.527,official_published_value,12,"114,115,116"
2026,39,GBR,United Kingdom,39,0,1.730,-7,down,1.414,1.560,2.507,official_published_value,12,"114,115,116"
2026,40,SWE,Sweden,40,0,1.732,-1,down,1.803,1.463,2.120,official_published_value,12,"114,115,116"
2026,41,VNM,Vietnam,41,0,1.738,-1,down,1.622,1.908,1.610,official_published_value,12,"114,115,116"
2026,42,TWN,Taiwan,42,0,1.751,-5,down,1.805,1.672,1.808,official_published_value,12,"114,115,116"
2026,43,URY,Uruguay,43,0,1.754,-1,down,1.101,2.411,1.529,official_published_value,12,"114,115,116"
2026,44,KAZ,Kazakhstan,44,0,1.771,5,up,1.421,2.087,1.750,official_published_value,12,"114,115,116"
2026,45,ROU,Romania,45,0,1.788,-1,down,1.858,1.699,1.874,official_published_value,12,"114,115,116"
2026,46,MKD,North Macedonia,46,0,1.792,3,up,1.503,1.909,2.045,official_published_value,12,"114,115,116"
2026,47,TJK,Tajikistan,47,0,1.799,-6,down,1.711,1.976,1.651,official_published_value,12,"114,115,116"
2026,48,BIH,Bosnia and Herzegovina,48,0,1.810,9,up,1.622,2.124,1.492,official_published_value,12,"114,115,116"
2026,49,KWT,Kuwait,49,0,1.813,-13,down,1.805,1.693,2.068,official_published_value,12,"114,115,116"
2026,50,BWA,Botswana,50,0,1.823,-4,down,1.174,2.365,1.790,official_published_value,12,"114,115,116"
2026,51,ARM,Armenia,51,0,1.825,21,up,1.739,1.776,2.057,official_published_value,12,"114,115,116"
2026,52,CHL,Chile,52,0,1.826,8,up,1.201,2.246,1.991,official_published_value,12,"114,115,116"
2026,53,GRC,Greece,53,0,1.828,2,up,1.412,1.891,2.360,official_published_value,12,"114,115,116"
2026,54,XKX,Kosovo,54,0,1.830,0,same,1.805,1.949,1.696,official_published_value,12,"114,115,116"
2026,55,MDA,Moldova,55,0,1.836,1,up,1.824,2.139,1.293,official_published_value,12,"114,115,116"
2026,56,GMB,The Gambia,56,0,1.837,5,up,1.556,2.248,1.508,official_published_value,12,"114,115,116"
2026,57,KOR,South Korea,57,0,1.839,-6,down,1.906,1.554,2.233,official_published_value,12,"114,115,116"
2026,58,LAO,Laos,58,0,1.846,0,same,1.503,2.153,1.812,official_published_value,12,"114,115,116"
2026,59,MDG,Madagascar,59,0,1.849,4,up,1.650,2.184,1.571,official_published_value,12,"114,115,116"
2026,60,OMN,Oman,60,0,1.850,-26,down,1.805,1.778,2.060,official_published_value,12,"114,115,116"
2026,61,KGZ,Kyrgyz Republic,61,0,1.853,8,up,1.715,2.047,1.741,official_published_value,12,"114,115,116"
2026,62,CRI,Costa Rica,62,0,1.860,-14,down,1.696,2.115,1.706,official_published_value,12,"114,115,116"
2026,63,NAM,Namibia,63,0,1.872,-1,down,1.302,2.373,1.826,official_published_value,12,"114,115,116"
2026,64,PRY,Paraguay,64,0,1.882,5,up,1.421,2.231,1.978,official_published_value,12,"114,115,116"
2026,65,MAR,Morocco,65,0,1.887,3,up,1.895,1.995,1.695,official_published_value,12,"114,115,116"
2026,66,TKM,Turkmenistan,66,0,1.903,-2,down,1.421,2.172,2.145,official_published_value,12,"114,115,116"
2026,67,LKA,Sri Lanka,67,0,1.910,14,up,1.675,2.125,1.891,official_published_value,12,"114,115,116"
2026,68,JOR,Jordan,68,0,1.913,9,up,1.864,2.022,1.783,official_published_value,12,"114,115,116"
2026,69,IDN,Indonesia,69,0,1.918,-3,down,2.192,2.021,1.398,official_published_value,12,"114,115,116"
2026,70,JAM,Jamaica,70,1,1.919,-1,down,1.475,2.384,1.792,official_published_value,12,"114,115,116"
2026,71,SRB,Serbia,70,1,1.919,5,up,1.815,2.017,1.924,official_published_value,12,"114,115,116"
2026,72,ARG,Argentina,72,0,1.922,-20,down,1.569,2.490,1.468,official_published_value,12,"114,115,116"
2026,73,ARE,United Arab Emirates,73,0,1.927,0,same,1.754,1.919,2.188,official_published_value,12,"114,115,116"
2026,74,SLE,Sierra Leone,74,0,1.937,9,up,1.522,2.465,1.591,official_published_value,12,"114,115,116"
2026,75,SEN,Senegal,75,0,1.939,12,up,1.758,2.353,1.487,official_published_value,12,"114,115,116"
2026,76,GHA,Ghana,76,0,1.943,-2,down,1.868,2.046,1.912,official_published_value,12,"114,115,116"
2026,77,TUN,Tunisia,77,0,1.947,19,up,1.657,2.386,1.593,official_published_value,12,"114,115,116"
2026,78,AGO,Angola,78,0,1.955,11,up,1.817,2.263,1.647,official_published_value,12,"114,115,116"
2026,79,TTO,Trinidad and Tobago,79,0,1.959,-12,down,1.611,2.397,1.762,official_published_value,12,"114,115,116"
2026,80,CYP,Cyprus,80,0,1.967,-9,down,1.705,2.207,1.792,official_published_value,12,"114,115,116"
2026,81,PAN,Panama,81,0,1.976,-6,down,1.503,2.549,1.648,official_published_value,12,"114,115,116"
2026,82,ZMB,Zambia,82,0,1.992,-2,down,1.758,2.493,1.442,official_published_value,12,"114,115,116"
2026,83,MWI,Malawi,83,0,1.994,-18,down,1.732,2.257,1.930,official_published_value,12,"114,115,116"
2026,84,PNG,Papua New Guinea,84,0,2.002,17,up,1.854,2.280,1.791,official_published_value,13,"114,115,116"
2026,85,GNB,Guinea-Bissau,85,0,2.012,7,up,1.604,2.294,2.156,official_published_value,13,"114,115,116"
2026,86,LSO,Lesotho,86,0,2.016,27,up,1.577,2.329,2.115,official_published_value,13,"114,115,116"
2026,87,LBR,Liberia,87,0,2.024,17,up,1.478,2.652,1.706,official_published_value,13,"114,115,116"
2026,88,GTM,Guatemala,88,0,2.025,-6,down,1.772,2.434,1.688,official_published_value,13,"114,115,116"
2026,89,DOM,Dominican Republic,89,0,2.038,-10,down,1.916,2.414,1.577,official_published_value,13,"114,115,116"
2026,90,ZWE,Zimbabwe,90,0,2.051,10,up,1.723,2.489,1.763,official_published_value,13,"114,115,116"
2026,91,DZA,Algeria,91,0,2.053,-5,down,1.914,2.157,2.103,official_published_value,13,"114,115,116"
2026,92,BOL,Bolivia,92,0,2.054,-2,down,1.633,2.366,2.144,official_published_value,13,"114,115,116"
2026,93,CIV,Côte d'Ivoire,93,0,2.061,-9,down,1.796,2.387,1.896,official_published_value,13,"114,115,116"
2026,94,GEO,Georgia,94,0,2.066,1,up,1.710,2.478,1.799,official_published_value,13,"114,115,116"
2026,95,SAU,Saudi Arabia,95,0,2.067,-2,down,1.950,1.893,2.588,official_published_value,13,"114,115,116"
2026,96,KHM,Cambodia,96,0,2.075,-8,down,2.146,2.130,1.919,official_published_value,13,"114,115,116"
2026,97,HND,Honduras,97,0,2.075,13,up,1.597,2.637,1.770,official_published_value,13,"114,115,116"
2026,98,TZA,Tanzania,98,0,2.080,-20,down,2.242,2.121,1.821,official_published_value,13,"114,115,116"
2026,99,FRA,France,99,0,2.083,3,up,1.696,1.984,2.806,official_published_value,13,"114,115,116"
2026,100,GAB,Gabon,100,0,2.086,17,up,1.659,2.616,1.743,official_published_value,13,"114,115,116"
2026,101,THA,Thailand,101,0,2.089,-7,down,2.178,2.339,1.562,official_published_value,13,"114,115,116"
2026,102,PHL,Philippines,102,0,2.092,-3,down,2.069,2.377,1.716,official_published_value,13,"114,115,116"
2026,103,GUY,Guyana,103,0,2.093,-12,down,1.705,2.696,1.581,official_published_value,13,"114,115,116"
2026,104,SWZ,Eswatini,104,0,2.095,6,up,1.557,2.815,1.598,official_published_value,13,"114,115,116"
2026,105,DJI,Djibouti,105,0,2.098,6,up,1.872,2.262,2.156,official_published_value,13,"114,115,116"
2026,106,NIC,Nicaragua,106,0,2.107,-9,down,1.705,2.623,1.779,official_published_value,13,"114,115,116"
2026,107,PER,Peru,107,0,2.120,-1,down,1.883,2.558,1.718,official_published_value,13,"114,115,116"
2026,108,BHR,Bahrain,108,0,2.131,0,same,2.099,2.188,2.096,official_published_value,13,"114,115,116"
2026,109,CUB,Cuba,109,0,2.139,-11,down,1.906,2.644,1.545,official_published_value,13,"114,115,116"
2026,110,AZE,Azerbaijan,110,0,2.142,-8,down,1.954,2.296,2.100,official_published_value,13,"114,115,116"
2026,111,NPL,Nepal,111,0,2.143,-26,down,2.069,2.444,1.748,official_published_value,13,"114,115,116"
2026,112,MRT,Mauritania,112,0,2.184,2,up,1.662,2.582,2.239,official_published_value,13,"114,115,116"
2026,113,EGY,Egypt,113,0,2.186,2,up,2.045,2.496,1.856,official_published_value,13,"114,115,116"
2026,114,RWA,Rwanda,114,0,2.200,-2,down,2.365,2.463,1.476,official_published_value,13,"114,115,116"
2026,115,BLR,Belarus,115,0,2.216,1,up,1.906,2.422,2.306,official_published_value,13,"114,115,116"
2026,116,GIN,Guinea,116,0,2.220,2,up,1.967,2.523,2.082,official_published_value,13,"114,115,116"
2026,117,BGD,Bangladesh,117,0,2.226,3,up,2.237,2.579,1.615,official_published_value,13,"114,115,116"
2026,118,CHN,China,118,0,2.231,-11,down,2.056,2.462,2.038,official_published_value,13,"114,115,116"
2026,119,TGO,Togo,119,0,2.251,7,up,2.193,2.508,1.918,official_published_value,13,"114,115,116"
2026,120,COG,Republic of the Congo,120,0,2.256,-15,down,1.619,2.919,2.003,official_published_value,13,"114,115,116"
2026,121,SLV,El Salvador,121,0,2.264,1,up,1.955,2.590,2.174,official_published_value,13,"114,115,116"
2026,122,BEN,Benin,122,0,2.293,-1,down,2.185,2.734,1.738,official_published_value,13,"114,115,116"
2026,123,ZAF,South Africa,123,0,2.308,-4,down,2.012,2.917,1.679,official_published_value,13,"114,115,116"
2026,124,BRA,Brazil,124,0,2.333,1,up,2.227,2.817,1.748,official_published_value,13,"114,115,116"
2026,125,LBY,Libya,125,0,2.361,3,up,2.246,2.655,2.093,official_published_value,13,"114,115,116"
2026,126,MOZ,Mozambique,126,0,2.383,1,up,2.507,2.775,1.635,official_published_value,13,"114,115,116"
2026,127,IND,India,127,0,2.409,-3,down,2.622,2.284,2.419,official_published_value,13,"114,115,116"
2026,128,ERI,Eritrea,128,0,2.412,3,up,1.818,3.185,1.730,official_published_value,13,"114,115,116"
2026,129,BDI,Burundi,129,0,2.417,6,up,2.607,2.686,1.662,official_published_value,13,"114,115,116"
2026,130,UGA,Uganda,130,0,2.420,-7,down,2.131,2.999,1.816,official_published_value,13,"114,115,116"
2026,131,LBN,Lebanon,131,0,2.435,3,up,2.595,2.570,2.008,official_published_value,13,"114,115,116"
2026,132,KEN,Kenya,132,0,2.447,1,up,2.358,2.927,1.768,official_published_value,13,"114,115,116"
2026,133,VEN,Venezuela,133,0,2.516,-4,down,2.357,2.920,2.093,official_published_value,13,"114,115,116"
2026,134,USA,United States of America,134,0,2.535,-4,down,2.240,2.454,3.090,official_published_value,13,"114,115,116"
2026,135,ECU,Ecuador,135,0,2.539,-3,down,2.538,2.914,1.957,official_published_value,13,"114,115,116"
2026,136,TUR,Türkiye,136,0,2.605,8,up,2.745,2.812,2.021,official_published_value,13,"114,115,116"
2026,137,CMR,Cameroon,137,0,2.634,5,up,2.898,2.913,1.811,official_published_value,13,"114,115,116"
2026,138,ETH,Ethiopia,138,0,2.648,1,up,3.316,2.749,1.658,official_published_value,13,"114,115,116"
2026,139,MEX,Mexico,139,0,2.650,4,up,3.064,2.915,1.738,official_published_value,13,"114,115,116"
2026,140,IRQ,Iraq,140,0,2.662,0,same,2.523,3.078,2.179,official_published_value,13,"114,115,116"
2026,141,COL,Colombia,141,0,2.735,-4,down,2.647,3.317,1.825,official_published_value,13,"114,115,116"
2026,142,HTI,Haiti,142,1,2.755,-1,down,2.683,3.354,1.800,official_published_value,13,"114,115,116"
2026,143,NGA,Nigeria,142,1,2.755,6,up,3.335,2.951,1.747,official_published_value,13,"114,115,116"
2026,144,IRN,Iran,144,0,2.759,-6,down,3.208,2.944,1.820,official_published_value,13,"114,115,116"
2026,145,TCD,Chad,145,0,2.769,-9,down,2.785,3.251,1.938,official_published_value,13,"114,115,116"
2026,146,NER,Niger,146,0,2.832,-1,down,3.521,2.862,1.902,official_published_value,13,"114,115,116"
2026,147,PRK,North Korea,147,0,2.845,0,same,2.656,2.856,3.105,official_published_value,13,"114,115,116"
2026,148,PSE,Palestine,148,0,2.877,2,up,3.562,2.753,2.265,official_published_value,13,"114,115,116"
2026,149,BFA,Burkina Faso,149,0,2.882,3,up,3.359,3.001,2.082,official_published_value,13,"114,115,116"
2026,150,CAF,Central African Republic,150,0,2.906,1,up,2.524,3.559,2.291,official_published_value,13,"114,115,116"
2026,151,MMR,Myanmar,151,0,2.911,2,up,2.943,3.224,2.367,official_published_value,13,"114,115,116"
2026,152,PAK,Pakistan,152,0,2.919,-6,down,3.386,2.798,2.574,official_published_value,13,"114,115,116"
2026,153,SOM,Somalia,153,0,2.973,-4,down,3.155,3.503,1.810,official_published_value,13,"114,115,116"
2026,154,MLI,Mali,154,0,2.996,0,same,3.457,3.268,1.962,official_published_value,13,"114,115,116"
2026,155,SYR,Syria,155,0,3.067,0,same,3.670,3.232,1.983,official_published_value,13,"114,115,116"
2026,156,YEM,Yemen,156,0,3.081,2,up,3.281,3.433,2.186,official_published_value,13,"114,115,116"
2026,157,AFG,Afghanistan,157,0,3.106,0,same,2.820,3.556,2.701,official_published_value,13,"114,115,116"
2026,158,SSD,South Sudan,158,0,3.116,-2,down,2.886,3.865,2.102,official_published_value,13,"114,115,116"
2026,159,ISR,Israel,159,0,3.124,1,up,3.391,2.511,3.919,official_published_value,13,"114,115,116"
2026,160,UKR,Ukraine,160,0,3.184,2,up,3.864,2.744,3.088,official_published_value,13,"114,115,116"
2026,161,COD,Democratic Republic of the Congo,161,0,3.189,0,same,3.675,3.571,1.955,official_published_value,13,"114,115,116"
2026,162,SDN,Sudan,162,0,3.195,-3,down,3.717,3.339,2.271,official_published_value,13,"114,115,116"
2026,163,RUS,Russia,163,0,3.367,0,same,4.037,2.876,3.285,official_published_value,13,"114,115,116"
