rank,iso3,country,score,percentile,data_quality,institutional_environment,educational_infrastructure,corporate_strategies,international_cooperation
1,USA,США,76.25229689264707,100.0,1.0,88.46276755562833,81.73266821678382,54.46482509487507,80.0029913249304
2,BHR,Бахрейн,71.45200296116104,99.2593,0.775,80.5433208635842,82.0281663404193,,50.391142739153096
3,SGP,Сингапур,70.49067546481784,98.5185,1.0,97.38928771020207,70.45333375536073,58.2332668784549,52.24518345522691
4,GBR,Великобритания,69.86604237947536,97.7778,1.0,84.77669325634717,75.35336556864108,49.97440789295007,67.86128710779361
5,IRL,Ирландия,68.87369267352713,97.037,1.0,85.0067936797548,63.5529726905138,75.22578872116543,48.74827633071464
6,ISL,Исландия,67.85309772644545,96.2963,1.0,87.11936467167637,72.3501463919561,52.40543799684643,56.3342657086396
7,SWE,Швеция,66.25183231934525,95.5556,1.0,89.9379862093584,65.36725182515211,54.31375335718873,52.89360940081418
8,CHE,Швейцария,65.18489310641003,94.8148,1.0,93.0583994500935,60.127612199091544,53.05197547272713,53.095078579887044
9,FIN,Финляндия,65.07539377815596,94.0741,1.0,93.54303986538619,64.14016856126547,50.19140379130773,49.4986614780142
10,ISR,Израиль,64.70356016989315,93.3333,1.0,81.35366419272883,60.195784062399646,78.97100172722219,32.818292355927525
11,LUX,Люксембург,64.25549034272446,92.5926,1.0,89.89105730636183,75.5269840893612,26.63568978314823,62.32854171769296
12,KOR,Республика Корея,63.673262071931056,91.8519,1.0,84.9453980664107,63.39880905582536,58.704336565351795,43.70592848621408
13,JPN,Япония,63.44669850509994,91.1111,1.0,85.10237709693116,67.21502711671772,51.806571667456865,45.274765894938106
14,LTU,Литва,62.91495055325986,90.3704,1.0,85.77150683569916,78.59271117202618,25.830801462725898,57.1828006352287
15,MLT,Мальта,62.693659335184435,89.6296,1.0,77.0208469359516,68.79626866716073,37.616615711440545,66.9770653659409
16,DEU,Германия,62.58388316208669,88.8889,1.0,84.0327637535547,64.96682656306521,45.50550611938076,53.546338624666326
17,SVN,Словения,62.533188914154564,88.1481,1.0,78.25651275327652,75.60443463697455,37.758233443393664,54.2408598694733
18,NLD,Нидерланды,62.52231505345878,87.4074,1.0,88.9538330718446,60.61084964963596,48.09635266188006,50.38256862568415
19,CAN,Канада,62.394251021656984,86.6667,1.0,86.5527271216282,66.97976357798555,42.421414632805266,50.28393254826478
20,DNK,Дания,62.12324608147763,85.9259,1.0,94.54970182230082,61.45483019613406,41.619535481606064,48.22243848330343
21,FRA,Франция,61.23032109390242,85.1852,1.0,81.71171020968157,66.80654636833529,44.015343553382266,48.782968713179436
22,CYP,Кипр,60.82837877556488,84.4444,1.0,72.46232596487147,64.9723296989688,41.91959850053075,63.70599374761841
23,AUS,Австралия,60.74510162646091,83.7037,1.0,88.816804774834,63.673482914062795,35.938039067453,52.27172895835164
24,CHN,Китай,60.060179385125934,82.963,1.0,72.3994012774722,73.58833959967546,44.857759805585225,43.346936172294704
25,BEL,Бельгия,59.818929210215956,82.2222,1.0,83.37690109777726,58.890896567514055,49.43612043916786,44.74202427862726
26,AUT,Австрия,59.145083788054826,81.4815,1.0,85.33662207983583,57.637575383918325,45.82163183208586,45.3212384744945
27,MYS,Малайзия,58.56718623994187,80.7407,1.0,80.32021870025804,68.26960430318665,49.640440470477905,27.980700781509412
28,SVK,Словакия,58.2729014669009,80.0,1.0,69.32279426387167,72.58132532405016,33.384178130030264,54.10880385605185
29,NOR,Норвегия,58.072620337330534,79.2593,1.0,90.56734610084486,59.15646600528315,38.35108584943076,40.48036274088338
30,HRV,Хорватия,57.81240675265002,78.5185,1.0,68.88477931765476,80.9474765353131,28.51684891302213,45.88878367193435
31,NZL,Новая Зеландия,57.734498813261034,77.7778,1.0,89.9130660254865,59.6936026625794,38.93346539118373,38.07392580159823
32,CZE,Чехия,57.0324521406507,77.037,1.0,81.12024133283747,60.4679120841136,42.122915406872934,40.406446652445084
33,SRB,Сербия,56.75833094104862,76.2963,1.0,62.8298428965179,74.45100129782242,37.36650956469965,46.86971218198755
34,LVA,Латвия,56.58348447874567,75.5556,1.0,76.78102806310369,75.05138817336324,23.86699753553093,44.5303081353902
35,BRN,Бруней,56.52726372770252,74.8148,1.0,77.57576996533567,83.77477305119976,18.055342445237397,37.4352685484966
36,EST,Эстония,56.48831646115664,74.0741,1.0,85.45552158541582,56.807766270302864,42.232915254083736,37.619386850954456
37,BGR,Болгария,56.45862955377305,73.3333,1.0,65.0809673276547,68.97220439685047,39.8091059761677,47.72224954381156
38,PHL,Филиппины,55.968880454910874,72.5926,1.0,60.64693457863843,69.6479773213531,53.57275032544119,32.597830162425204
39,PRT,Португалия,55.61876052426885,71.8519,1.0,78.9284519989189,63.62877458961825,34.201265719112264,41.23849358937794
40,HKG,Гонконг,55.281373388893755,71.1111,1.0,88.21655462397935,67.8626213273502,35.201184495093905,20.340761054601906
41,GEO,Грузия,54.279883869780335,70.3704,1.0,78.02014968426836,67.17695624851193,20.157735357124253,47.91162867439305
42,ESP,Испания,54.25987783002644,69.6296,1.0,77.01520816976236,60.44723841460024,32.107343794678364,44.22534157268091
43,ITA,Италия,54.21407057754325,68.8889,1.0,74.63840598900757,62.586128909920795,32.02339715015743,43.863905598878766
44,SAU,Саудовская Аравия,54.16166428897805,68.1481,0.875,76.77886641585003,53.73038207446352,,29.108050029168357
45,URY,Уругвай,54.00078966462259,67.4074,1.0,78.83122649136423,61.87062240591296,23.51550210988405,49.264603962683196
46,ARE,ОАЭ,53.804322274843166,66.6667,1.0,85.6678310559364,58.61031036991782,25.0141990945652,42.75360813121214
47,MUS,Маврикий,53.553765753946564,65.9259,1.0,77.29098771681262,72.48470479213171,13.7755989839857,45.20853820553735
48,ARM,Армения,53.311365852454934,65.1852,1.0,65.32147997917413,66.75225551409632,31.97570906100895,44.8069596909013
49,PRY,Парагвай,53.204597974570824,64.4444,0.775,53.932305453578365,71.23453123910086,,29.842532224263824
50,CRI,Коста-Рика,53.177095890228145,63.7037,1.0,72.71744660439433,67.9847495465263,18.549522271661168,49.824644036281896
51,VNM,Вьетнам,52.24530695666981,62.963,1.0,64.40003553861966,56.833158381181185,56.41284444782715,24.960697228518733
52,MNE,Черногория,51.92578843265373,62.2222,1.0,64.00899736702843,68.97661537383154,20.4058533791836,50.6454556697563
53,POL,Польша,51.55231071332624,61.4815,1.0,71.6094838322412,58.16372132547192,38.535140462818234,32.83519120959905
54,AZE,Азербайджан,51.11190645097656,60.7407,1.0,69.97479084650989,72.76544125074419,14.2506226775202,41.1296034737289
55,HUN,Венгрия,50.972931045780314,60.0,1.0,68.29495463053473,56.244715029214014,44.86184127636023,29.051587801461835
56,ALB,Албания,50.05794788004568,59.2593,1.0,69.9291031527241,66.905452367048,17.064375024069854,41.189713128664
57,TTO,Тринидад и Тобаго,49.990065428758406,58.5185,0.8,68.27227250103034,71.01935104517764,9.737372950906398,
58,MKD,Северная Македония,49.66473160728936,57.7778,1.0,61.71451805235303,66.93212350462719,25.12044532504945,39.381768557752956
59,KWT,Кувейт,49.6613872144649,57.037,1.0,71.24994738446489,49.0999327232724,40.551333029435455,34.90543647004048
60,BLR,Беларусь,49.47896792422058,56.2963,1.0,46.814088531348,78.12788465685465,31.5173484299738,32.2887164341687
61,OMN,Оман,48.925954487301894,55.5556,1.0,75.2542795453246,62.3949199997341,22.78329717379545,28.490421538008217
62,GRC,Греция,48.29620550536398,54.8148,1.0,67.95165811502703,59.66073449564751,26.834717521831298,33.506956237275695
63,DZA,Алжир,48.03459218332642,54.0741,0.775,54.234310179483366,72.24153667449949,,8.12073635594165
64,MAR,Марокко,47.577777086739445,53.3333,1.0,65.5003951182137,74.6244815716262,17.26032200341575,22.5012666742211
65,PER,Перу,47.311044090821554,52.5926,1.0,54.624599842473195,74.44096263934036,12.86096337014495,40.536822479324556
66,ROU,Румыния,47.24724610771188,51.8519,1.0,61.118957422390594,56.42874522505412,38.86366979927073,26.6148286739016
67,MDA,Молдова,47.225389163698864,51.1111,1.0,59.63448245119573,63.92869389117725,21.95243215616175,38.250261722531604
68,QAT,Катар,46.88688425176733,50.3704,1.0,83.44555067094247,49.02134671303016,15.244507696175301,37.539828230394185
69,UKR,Украина,46.783809416817014,49.6296,1.0,57.41663380802736,56.91493465947179,37.17528487462375,30.306746741563504
70,CHL,Чили,46.29889957237347,48.8889,1.0,74.4497440455618,52.3382923715353,20.560657713278665,34.22405710601382
71,SYC,Сейшельские о-ва,45.77727615827892,48.1481,1.0,74.12596230483446,65.91512738464931,13.125044329891699,20.949931421012995
72,TUN,Тунис,45.57132565781234,47.4074,1.0,55.1572052682229,77.02881657448621,16.1705058881315,23.153764481889347
73,CIV,Кот-д’Ивуар,45.562915421253265,46.6667,0.775,54.594135811448695,58.63464867183138,,18.59915040410551
74,BIH,Босния и Герцеговина,45.290797047081526,45.9259,1.0,52.32049154354176,69.68697835416083,17.241954634897148,34.97045998111775
75,MNG,Монголия,44.95859725738185,45.1852,1.0,60.48325088244023,65.73524057397464,16.5193457108136,29.936879684379946
76,THA,Таиланд,44.27318662890058,44.4444,1.0,64.44417137541623,64.78071027210788,18.6044635732415,20.384074050518926
77,IND,Индия,44.21036799420852,43.7037,1.0,41.9302655514101,59.118261550250566,45.66567470344255,22.87952232710094
78,KGZ,Киргизия,43.362659281920045,42.963,1.0,47.46022197655273,68.57467230208343,20.042589832021402,29.572773195757396
79,COL,Колумбия,43.29156160719703,42.2222,1.0,57.73345210624906,55.25542181407584,28.34844341988113,25.972305907208657
80,LSO,Лесото,43.169241561274085,41.4815,0.775,38.40519862038326,67.30324197496684,,16.649539892278153
81,SEN,Сенегал,42.55422812904216,40.7407,1.0,53.491076337056164,59.180615419660285,22.9964818335223,28.390769802497303
82,SLV,Сальвадор,42.45326249178572,40.0,1.0,54.44541126341413,67.46173665140205,18.192498154228,20.2763207097729
83,NAM,Намибия,42.431842999739686,39.2593,1.0,60.90080905056353,53.33728181009348,18.028114070570847,33.49213838214027
84,KAZ,Казахстан,42.42637111386765,38.5185,1.0,58.12801017121446,56.19900005827989,25.835661581414147,22.87876579113265
85,UZB,Узбекистан,42.274570875749944,37.7778,1.0,59.14142478764173,63.60226482902305,17.59263926154885,20.05187707372693
86,TUR,Турция,42.26970124747229,37.037,1.0,56.74815698193107,54.45172155942533,32.857749282529234,17.663541067648104
87,RUS,Россия,41.966909903460184,36.2963,1.0,47.0755170852313,65.14976086737808,29.417415386656934,16.493742626373507
88,LKA,Шри-Ланка,41.81322265672877,35.5556,1.0,48.952630772699266,73.40505001596215,19.780765918422702,13.041792395798149
89,DOM,Доминиканская Республика,41.636046539106275,34.8148,1.0,65.60855275584737,53.54134478228466,15.690393521622047,26.24453267526765
90,BWA,Ботсвана,41.59340860640843,34.0741,1.0,68.50198857683769,46.13709895011394,18.255211478811752,30.314894537309453
91,NIC,Никарагуа,41.439472464086236,33.3333,0.775,31.968273796610333,69.78334284646162,,14.339601786665751
92,LBN,Ливан,41.36452532236731,32.5926,0.875,48.289380066426865,45.57994412409802,,28.34883463854335
93,MWI,Малави,41.22047677808514,31.8519,0.775,34.87959179985553,62.94494916098458,,20.117907908007297
94,BRA,Бразилия,41.07181663033233,31.1111,1.0,54.56096445773283,50.363629680136135,29.039147078835743,25.31349921074672
95,JOR,Иордания,40.933060137388004,30.3704,1.0,70.41118641092919,46.536956761678766,16.07396015182105,26.75343234098409
96,TGO,Того,40.48386478596845,29.6296,0.8,45.05718068359625,65.44172447749546,8.604961489428652,
97,NGA,Нигерия,40.256088607207964,28.8889,0.775,35.4889344462662,61.114852714538564,,18.401675404405303
98,KEN,Кения,40.00777342045884,28.1481,1.0,46.08066773705593,66.44750247538823,16.97690779527035,21.545643973803998
99,RWA,Руанда,39.9821034438087,27.4074,1.0,60.6153630465336,51.44698829013207,13.856897142291201,29.6497095478144
100,IDN,Индонезия,39.81867444274039,26.6667,1.0,68.95614539481376,49.30596622694386,17.4194964201063,17.164870604636093
101,GHA,Гана,39.74902744744269,25.9259,1.0,59.502169892161135,55.40318002112991,14.0264954582348,23.729535517523704
102,PAN,Панама,39.709382097264275,25.1852,1.0,54.49447740094193,57.66022294671335,10.86976362637775,30.351274782101747
103,NPL,Непал,39.69248823591612,24.4444,0.675,26.61590255190105,73.25236911773698,,10.6984217611001
104,TJK,Таджикистан,39.35861504210969,23.7037,0.9,24.338729561064348,62.640427766642176,38.58289109340035,26.168216583014953
105,LAO,Лаос,38.48784128470133,22.963,1.0,48.7439323676464,57.052409252778574,25.944640131728946,13.499876920119641
106,ZAF,ЮАР,38.4149408441798,22.2222,1.0,62.37539241020343,43.44292305152947,17.647953725570467,26.881136973887443
107,CPV,Кабо-Верде,38.31527210068218,21.4815,0.75,71.66420636309633,,14.660190239828898,29.636506659048703
108,ARG,Аргентина,38.195289048722984,20.7407,1.0,51.45203659409433,48.73101343155697,21.732808751108298,26.398868414776196
109,MEX,Мексика,38.1515366773939,20.0,1.0,53.99331308268033,55.47093140380271,14.663265251165798,21.73056336395777
110,KHM,Камбоджа,38.02361123445378,19.2593,1.0,46.87093019337456,64.02054637140766,10.057007113796349,22.92731498119375
111,BEN,Бенин,37.915485278588285,18.5185,1.0,46.594322118406566,60.470150897803904,15.3095521660623,21.4923571906495
112,CMR,Камерун,37.608094849398356,17.7778,1.0,34.6041666676177,69.99343680067082,21.96386286346915,12.340282132127001
113,MRT,Мавритания,35.93221869401541,17.037,0.775,40.001444026734696,54.97739222935266,,5.379492916729386
114,ETH,Эфиопия,35.11892028493593,16.2963,0.8,46.771350746040305,47.433472782543355,10.98250733510665,
115,ZWE,Зимбабве,34.9211765569836,15.5556,1.0,30.031784371783033,60.363784065301815,16.03896997542665,26.471763752953198
116,UGA,Уганда,34.69822395067967,14.8148,1.0,38.3346010981477,56.14152618953161,14.408812784989948,23.3495631151789
117,ECU,Эквадор,34.181430331046606,14.0741,1.0,45.72956679575277,52.58579162450734,15.522077345541698,15.46390904185393
118,GTM,Гватемала,33.87375569133596,13.3333,1.0,44.166024357210965,51.637736657842744,20.54410354266645,11.0245135950689
119,MMR,Мьянма (Бирма),33.572998979098905,12.5926,1.0,30.63223354911553,70.75522309341287,10.81646384559515,9.92128851198685
120,HND,Гондурас,33.15223765136837,11.8519,1.0,38.03378031389957,56.53579086040388,11.81285676300615,18.649205620103903
121,IRN,Иран,32.8355167953717,11.1111,1.0,39.565619088582,59.012401129507055,12.987228605420398,9.967922665094951
122,MDG,Мадагаскар,32.26352214743222,10.3704,1.0,24.987043175295568,58.18813342272953,22.6442140434646,14.49633907961659
123,YEM,Йемен,32.11716981409928,9.6296,0.775,29.798431282638532,54.73450966971265,,3.8618452953269973
124,AGO,Ангола,32.084299047971626,8.8889,1.0,34.4552644337848,55.077473373413106,13.75459973050985,17.542954974370176
125,PAK,Пакистан,31.894278521066276,8.1481,1.0,37.47363560016316,42.1985980670483,32.003125349202705,9.327544318051597
126,EGY,Египет,31.701315951140806,7.4074,1.0,51.960270900173434,41.79419952100245,16.47098598204195,10.276209371431122
127,BFA,Буркина-Фасо,31.57956313598002,6.6667,1.0,23.952427794658867,59.23224139036343,16.29090869810815,18.7452829783962
128,TZA,Танзания,31.41369659110866,5.9259,1.0,48.389044785969496,45.33098968425934,13.680903103894698,11.48456356682405
129,MLI,Мали,31.261232421025934,5.1852,1.0,29.791413334003266,43.31397890363422,35.3074051440834,9.96167065207003
130,IRQ,Ирак,29.409560028690574,4.4444,1.0,61.80982235749662,35.88765612284346,10.536239302891616,2.783738883702403
131,BDI,Бурунди,28.962784008967738,3.7037,1.0,23.506248829249866,55.590512709248856,13.0726836385212,15.704485396251583
132,BGD,Бангладеш,28.426482778692737,2.963,1.0,45.33733932956043,39.428888266204105,15.5313897739534,6.903170114765272
133,NER,Нигер,27.94823321636252,2.2222,0.9,14.560543502910448,38.87608897798669,44.21809063171375,9.365266876671651
134,MOZ,Мозамбик,26.690810660642576,1.4815,1.0,28.2035031865637,44.83750125243561,13.2194260583527,14.41913986841397
135,BOL,Боливия,24.36326210874096,0.7407,0.75,39.55045538509977,,19.2863484501137,13.91185918607892
