data_year,edition_year,source_order,iso3,country_name,source_country_name,rank,tied_rank,score,military_expenditure_index,military_personnel_index,heavy_weapons_index,trend_reference_year,score_change_2y,score_change_2y_pct,quality_flag,source_dataset_version,source_variables,row_sha256
2022,2023,1,UKR,Ukraine,Ukraine,1,0,335.0,5.11,1.29,1.75,,,,secondary_snapshot_cc_by_sa_official_reference_locked,Wikipedia oldid 1359299505 / BICC GMI ranking year 2022,published_rank|gmi|military_expenditure_index|people_index|heavy_weapons_index,ab5cf860630f7ced0ee9f51e973d9717c7e0719adebb40e10d902016d8a05312
2022,2023,2,ISR,Israel,Israel,2,0,257.0,2.15,1.77,3.06,,,,secondary_snapshot_cc_by_sa_official_reference_locked,Wikipedia oldid 1359299505 / BICC GMI ranking year 2022,published_rank|gmi|military_expenditure_index|people_index|heavy_weapons_index,c77f3eac55ee18740f92414006b52e0dd4293f70f445c033a26c185c2a673738
2022,2023,3,ARM,Armenia,Armenia,3,0,223.0,2.0,1.79,2.28,,,,secondary_snapshot_cc_by_sa_official_reference_locked,Wikipedia oldid 1359299505 / BICC GMI ranking year 2022,published_rank|gmi|military_expenditure_index|people_index|heavy_weapons_index,5321d673ca622c316c44e21031f53508ae7d241f29cb788f818870c86c171bb3
2022,2023,4,QAT,Qatar,Qatar,4,0,220.0,2.99,0.77,2.23,,,,secondary_snapshot_cc_by_sa_official_reference_locked,Wikipedia oldid 1359299505 / BICC GMI ranking year 2022,published_rank|gmi|military_expenditure_index|people_index|heavy_weapons_index,565ef68719f1181a9d245fed1d48174e5ecade5ba108dc5a5fa0b5fa486edb18
2022,2023,5,BHR,Bahrain,Bahrain,5,0,215.0,1.92,0.65,2.68,,,,secondary_snapshot_cc_by_sa_official_reference_locked,Wikipedia oldid 1359299505 / BICC GMI ranking year 2022,published_rank|gmi|military_expenditure_index|people_index|heavy_weapons_index,9d9db04b9b555c684b67be49f183d443893b47660d60e97a561bcf7a6d896656
2022,2023,6,SAU,Saudi Arabia,Saudi Arabia,6,0,213.0,2.94,0.74,2.11,,,,secondary_snapshot_cc_by_sa_official_reference_locked,Wikipedia oldid 1359299505 / BICC GMI ranking year 2022,published_rank|gmi|military_expenditure_index|people_index|heavy_weapons_index,228a371d97023aa71efc824b79c2d6aba67f4f3c019114c1810e94171764abf5
2022,2023,7,GRC,Greece,Greece,7,0,211.0,1.89,1.13,2.71,,,,secondary_snapshot_cc_by_sa_official_reference_locked,Wikipedia oldid 1359299505 / BICC GMI ranking year 2022,published_rank|gmi|military_expenditure_index|people_index|heavy_weapons_index,37d1bf52c2bf9790abc9323affb9441bb757eff2497b2604b73a1bab3eb0e186
2022,2023,8,SGP,Singapore,Singapore,8,0,210.0,1.7,1.27,2.72,,,,secondary_snapshot_cc_by_sa_official_reference_locked,Wikipedia oldid 1359299505 / BICC GMI ranking year 2022,published_rank|gmi|military_expenditure_index|people_index|heavy_weapons_index,d353b9daf0f8b7f255e1bf9d09e6b85d62e9145c978ce96e2803b8129137f22d
2022,2023,9,AZE,Azerbaijan,Azerbaijan,9,0,204.0,2.37,0.93,2.26,,,,secondary_snapshot_cc_by_sa_official_reference_locked,Wikipedia oldid 1359299505 / BICC GMI ranking year 2022,published_rank|gmi|military_expenditure_index|people_index|heavy_weapons_index,84519b8e8059d9cabfea408858890dad8f60a854db2c492ef27b6d35b5a6e619
2022,2023,10,RUS,Russia,Russia,10,0,204.0,2.05,1.06,2.45,,,,secondary_snapshot_cc_by_sa_official_reference_locked,Wikipedia oldid 1359299505 / BICC GMI ranking year 2022,published_rank|gmi|military_expenditure_index|people_index|heavy_weapons_index,488a8addf4bed1b245864f21efa2cd059f821ea75fd5e1ceaa3777a9e40e040c
2022,2023,11,LBN,Lebanon,Lebanon,11,0,204.0,1.84,1.2,2.51,,,,secondary_snapshot_cc_by_sa_official_reference_locked,Wikipedia oldid 1359299505 / BICC GMI ranking year 2022,published_rank|gmi|military_expenditure_index|people_index|heavy_weapons_index,e77795b75f15c5d4ff09ed2c3c556d1f3ed3cd6df3aa2f909ecabe9fd4f7a8bb
2022,2023,12,KWT,Kuwait,Kuwait,12,0,204.0,2.24,0.65,2.64,,,,secondary_snapshot_cc_by_sa_official_reference_locked,Wikipedia oldid 1359299505 / BICC GMI ranking year 2022,published_rank|gmi|military_expenditure_index|people_index|heavy_weapons_index,e6927a24a8159256d849b02bed12293a96faebea13757396b055f768cc3f027a
2022,2023,13,OMN,Oman,Oman,13,0,203.0,2.47,0.99,2.05,,,,secondary_snapshot_cc_by_sa_official_reference_locked,Wikipedia oldid 1359299505 / BICC GMI ranking year 2022,published_rank|gmi|military_expenditure_index|people_index|heavy_weapons_index,db70fa3b8ae2eaf3409a68c66c7f4f778da19fc1a8d7ebfe1e135b529c67d686
2022,2023,14,JOR,Jordan,Jordan,14,0,200.0,2.26,0.99,2.18,,,,secondary_snapshot_cc_by_sa_official_reference_locked,Wikipedia oldid 1359299505 / BICC GMI ranking year 2022,published_rank|gmi|military_expenditure_index|people_index|heavy_weapons_index,d67524eafd580ed03264237c64d707907c243075b33e92c16cdf236e723fa7bd
2022,2023,15,KOR,South Korea,"Korea, Republic of",15,0,192.0,1.61,1.43,2.19,,,,secondary_snapshot_cc_by_sa_official_reference_locked,Wikipedia oldid 1359299505 / BICC GMI ranking year 2022,published_rank|gmi|military_expenditure_index|people_index|heavy_weapons_index,b0c9e2dfee0c9a780231e3165da7e57b938573858e59cdabb49c5fad92e6550c
2022,2023,16,BRN,Brunei,Brunei,16,0,190.0,1.84,1.47,1.86,,,,secondary_snapshot_cc_by_sa_official_reference_locked,Wikipedia oldid 1359299505 / BICC GMI ranking year 2022,published_rank|gmi|military_expenditure_index|people_index|heavy_weapons_index,385b5e9c3181ddcf04bbe26caab7e6fa4d484af4e9e1507d26e391997cceecbc
2022,2023,17,CYP,Cyprus,Cyprus,17,0,182.0,1.25,1.05,2.66,,,,secondary_snapshot_cc_by_sa_official_reference_locked,Wikipedia oldid 1359299505 / BICC GMI ranking year 2022,published_rank|gmi|military_expenditure_index|people_index|heavy_weapons_index,3fb92dc22d089e92d450d0080e2d8b8e2378fb7131d4ea1a502d5302fb8d0ae8
2022,2023,18,DZA,Algeria,Algeria,18,0,178.0,2.31,0.83,1.7,,,,secondary_snapshot_cc_by_sa_official_reference_locked,Wikipedia oldid 1359299505 / BICC GMI ranking year 2022,published_rank|gmi|military_expenditure_index|people_index|heavy_weapons_index,c660554c870284a061e946cac4d37355d2fa968da5c5d0c0680e19eb4bc99812
2022,2023,19,BLR,Belarus,Belarus,19,0,174.0,0.97,1.49,2.27,,,,secondary_snapshot_cc_by_sa_official_reference_locked,Wikipedia oldid 1359299505 / BICC GMI ranking year 2022,published_rank|gmi|military_expenditure_index|people_index|heavy_weapons_index,6d690126092910e6fb855caf33504554a42ad9c5ff5cc24bc7548b3c126d17b7
2022,2023,20,MAR,Morocco,Morocco,20,0,168.0,2.08,0.97,1.52,,,,secondary_snapshot_cc_by_sa_official_reference_locked,Wikipedia oldid 1359299505 / BICC GMI ranking year 2022,published_rank|gmi|military_expenditure_index|people_index|heavy_weapons_index,17fd2b113a8192205beff0490adb76dbecfa447d2599bea058652b8554e29cdf
2022,2023,21,LTU,Lithuania,Lithuania,21,0,162.0,1.55,1.01,1.84,,,,secondary_snapshot_cc_by_sa_official_reference_locked,Wikipedia oldid 1359299505 / BICC GMI ranking year 2022,published_rank|gmi|military_expenditure_index|people_index|heavy_weapons_index,0a0f2ad647f45d3c221fa315a851e2a80a37389e6f072e4a04f4872ad79b5492
2022,2023,22,BWA,Botswana,Botswana,22,0,160.0,1.69,0.81,1.87,,,,secondary_snapshot_cc_by_sa_official_reference_locked,Wikipedia oldid 1359299505 / BICC GMI ranking year 2022,published_rank|gmi|military_expenditure_index|people_index|heavy_weapons_index,b1d142dae3ec22c06e1e62117b6896bbed21bab3337674e38b7aaf57379fa94a
2022,2023,23,KHM,Cambodia,Cambodia,23,0,160.0,1.39,1.62,1.34,,,,secondary_snapshot_cc_by_sa_official_reference_locked,Wikipedia oldid 1359299505 / BICC GMI ranking year 2022,published_rank|gmi|military_expenditure_index|people_index|heavy_weapons_index,ebd5fbdb44cc6b6bd722f42c305b034a31423ad1348a6debba3973f4322ab18c
2022,2023,24,TGO,Togo,Togo,24,0,156.0,2.49,1.02,0.75,,,,secondary_snapshot_cc_by_sa_official_reference_locked,Wikipedia oldid 1359299505 / BICC GMI ranking year 2022,published_rank|gmi|military_expenditure_index|people_index|heavy_weapons_index,32438023f1872e67d9880c254307353c3d106c2caaef9e9db92e19a5b33c8ab4
2022,2023,25,USA,United States,United States,25,0,154.0,1.7,0.42,2.07,,,,secondary_snapshot_cc_by_sa_official_reference_locked,Wikipedia oldid 1359299505 / BICC GMI ranking year 2022,published_rank|gmi|military_expenditure_index|people_index|heavy_weapons_index,603e958925629c3750ba91aa1a454d6365bf0c4c9e080e15993acbd7e3a13a46
2022,2023,26,FIN,Finland,Finland,26,0,152.0,1.19,0.68,2.28,,,,secondary_snapshot_cc_by_sa_official_reference_locked,Wikipedia oldid 1359299505 / BICC GMI ranking year 2022,published_rank|gmi|military_expenditure_index|people_index|heavy_weapons_index,0a56801bbefdfe7a3fc09fe662103c99dd4f18b64b71c8dfaf6cd160726efa24
2022,2023,27,SRB,Serbia,Serbia,27,0,149.0,1.44,0.29,1.92,,,,secondary_snapshot_cc_by_sa_official_reference_locked,Wikipedia oldid 1359299505 / BICC GMI ranking year 2022,published_rank|gmi|military_expenditure_index|people_index|heavy_weapons_index,80c315593a4d208002fc62365bc0cd0bd9f9ec99f93f5272fb754143abb40847
2022,2023,28,IRN,Iran,Iran,28,0,147.0,1.67,0.87,1.49,,,,secondary_snapshot_cc_by_sa_official_reference_locked,Wikipedia oldid 1359299505 / BICC GMI ranking year 2022,published_rank|gmi|military_expenditure_index|people_index|heavy_weapons_index,6ecef07089f664bb96aeb1614cbcd27223c8d30a16a581827ddf55dee0ff7cf9
2022,2023,29,EST,Estonia,Estonia,29,0,144.0,1.39,0.59,1.94,,,,secondary_snapshot_cc_by_sa_official_reference_locked,Wikipedia oldid 1359299505 / BICC GMI ranking year 2022,published_rank|gmi|military_expenditure_index|people_index|heavy_weapons_index,848895add81b57ee743c87dbc50ecd2e9157ec4bacc4a2073fa48885f3952c77
2022,2023,30,MNG,Mongolia,Mongolia,30,0,143.0,0.59,0.78,2.53,,,,secondary_snapshot_cc_by_sa_official_reference_locked,Wikipedia oldid 1359299505 / BICC GMI ranking year 2022,published_rank|gmi|military_expenditure_index|people_index|heavy_weapons_index,36e896490f32234905f4a5d1b4263304a0ff4a4b9f21f147b45b39ab1c1e5180
2022,2023,31,TCD,Chad,Chad,31,0,141.0,1.79,1.13,0.92,,,,secondary_snapshot_cc_by_sa_official_reference_locked,Wikipedia oldid 1359299505 / BICC GMI ranking year 2022,published_rank|gmi|military_expenditure_index|people_index|heavy_weapons_index,f76d938cd3a3bd4314bf294bba1aa87051d02ee77a36e75c67f8697fb4f5f51a
2022,2023,32,NAM,Namibia,Namibia,32,0,139.0,1.69,0.96,1.14,,,,secondary_snapshot_cc_by_sa_official_reference_locked,Wikipedia oldid 1359299505 / BICC GMI ranking year 2022,published_rank|gmi|military_expenditure_index|people_index|heavy_weapons_index,c59fb8be7fa034d44cb7fd8c145e0446067715336aa5c1c0750f699ba73b7ff7
2022,2023,33,MRT,Mauritania,Mauritania,33,0,139.0,1.67,1.08,1.04,,,,secondary_snapshot_cc_by_sa_official_reference_locked,Wikipedia oldid 1359299505 / BICC GMI ranking year 2022,published_rank|gmi|military_expenditure_index|people_index|heavy_weapons_index,4ac56f5de33d84009fcc1ee1802d96ff1de10a5b0ea6556b6d543edc2fd2722d
2022,2023,34,MMR,Myanmar,Myanmar,34,0,138.0,1.89,1.09,0.79,,,,secondary_snapshot_cc_by_sa_official_reference_locked,Wikipedia oldid 1359299505 / BICC GMI ranking year 2022,published_rank|gmi|military_expenditure_index|people_index|heavy_weapons_index,49ab8fa0033b5c5c256f0c502c41c902b6607329a933c4fcd25568d21f0ce946
2022,2023,35,IRQ,Iraq,Iraq,35,0,137.0,1.26,1.18,1.31,,,,secondary_snapshot_cc_by_sa_official_reference_locked,Wikipedia oldid 1359299505 / BICC GMI ranking year 2022,published_rank|gmi|military_expenditure_index|people_index|heavy_weapons_index,0f2ac5eb1afe464331ab1ac665e436a48e8695492d292cf1baebbf3a47d824dd
2022,2023,36,ROU,Romania,Romania,36,0,137.0,1.25,0.66,1.83,,,,secondary_snapshot_cc_by_sa_official_reference_locked,Wikipedia oldid 1359299505 / BICC GMI ranking year 2022,published_rank|gmi|military_expenditure_index|people_index|heavy_weapons_index,d2b13d0e7bc6dd68d48897e62ff201aa70eab0e1eee4c1d0cb0946a271e6d5be
2022,2023,37,SSD,South Sudan,South Sudan,37,0,137.0,1.84,1.52,0.38,,,,secondary_snapshot_cc_by_sa_official_reference_locked,Wikipedia oldid 1359299505 / BICC GMI ranking year 2022,published_rank|gmi|military_expenditure_index|people_index|heavy_weapons_index,55e022d8e03793237d9004f0005724037df7c7fca01c44531df6b114eddfcf8f
2022,2023,38,HRV,Croatia,Croatia,38,0,137.0,1.41,0.46,1.87,,,,secondary_snapshot_cc_by_sa_official_reference_locked,Wikipedia oldid 1359299505 / BICC GMI ranking year 2022,published_rank|gmi|military_expenditure_index|people_index|heavy_weapons_index,8cc1de85ed721ed3e3e0debbc891015264d86c8799c8716d9ce8caac88f7bd6a
2022,2023,39,EGY,Egypt,Egypt,39,0,136.0,0.94,1.06,1.7,,,,secondary_snapshot_cc_by_sa_official_reference_locked,Wikipedia oldid 1359299505 / BICC GMI ranking year 2022,published_rank|gmi|military_expenditure_index|people_index|heavy_weapons_index,77a2a84b5259174b2bde6d41897f49a213c8957024200c8fe7876ab291dffc43
2022,2023,40,URY,Uruguay,Uruguay,40,0,135.0,1.27,0.52,1.89,,,,secondary_snapshot_cc_by_sa_official_reference_locked,Wikipedia oldid 1359299505 / BICC GMI ranking year 2022,published_rank|gmi|military_expenditure_index|people_index|heavy_weapons_index,bfccabc1001e2eb22def2f2634219b97969f3b57fa0dd8f3a8c0192fc29d27cb
2022,2023,41,TUR,Türkiye,Turkey,41,0,135.0,1.04,0.7,1.94,,,,secondary_snapshot_cc_by_sa_official_reference_locked,Wikipedia oldid 1359299505 / BICC GMI ranking year 2022,published_rank|gmi|military_expenditure_index|people_index|heavy_weapons_index,6533f0d374fc9a62bcceac5ef45c27f47f75dc374db2705748a6acd5e335b2fb
2022,2023,42,MNE,Montenegro,Montenegro,42,0,134.0,1.11,0.96,1.59,,,,secondary_snapshot_cc_by_sa_official_reference_locked,Wikipedia oldid 1359299505 / BICC GMI ranking year 2022,published_rank|gmi|military_expenditure_index|people_index|heavy_weapons_index,f3b916864b1b3e0ec6c417f0c9920c58373f940b07656c7071116c9fb6133380
2022,2023,43,GEO,Georgia,Georgia,43,0,131.0,1.07,0.57,1.94,,,,secondary_snapshot_cc_by_sa_official_reference_locked,Wikipedia oldid 1359299505 / BICC GMI ranking year 2022,published_rank|gmi|military_expenditure_index|people_index|heavy_weapons_index,6667a3a776408bbd723b13cb0dabc05f2506800031bffb24cae31739a77bc799
2022,2023,44,PAK,Pakistan,Pakistan,44,0,130.0,1.88,0.62,1.06,,,,secondary_snapshot_cc_by_sa_official_reference_locked,Wikipedia oldid 1359299505 / BICC GMI ranking year 2022,published_rank|gmi|military_expenditure_index|people_index|heavy_weapons_index,33953398ca6a2cb7d6854e1bbddbaac9c7342f76b024e8c692f38615b1104744
2022,2023,45,TUN,Tunisia,Tunisia,45,0,128.0,1.58,0.57,1.35,,,,secondary_snapshot_cc_by_sa_official_reference_locked,Wikipedia oldid 1359299505 / BICC GMI ranking year 2022,published_rank|gmi|military_expenditure_index|people_index|heavy_weapons_index,fb75452a7f5f7b651fb1c16a10580507ea35955a2c4556e587c83dba5852939b
2022,2023,46,POL,Poland,Poland,46,0,127.0,1.54,0.34,1.61,,,,secondary_snapshot_cc_by_sa_official_reference_locked,Wikipedia oldid 1359299505 / BICC GMI ranking year 2022,published_rank|gmi|military_expenditure_index|people_index|heavy_weapons_index,f5581320bfad1b077fb23b400f3b1cf4a7d767896f69f4723655a952e07d3a97
2022,2023,47,NOR,Norway,Norway,47,0,127.0,1.14,0.46,1.88,,,,secondary_snapshot_cc_by_sa_official_reference_locked,Wikipedia oldid 1359299505 / BICC GMI ranking year 2022,published_rank|gmi|military_expenditure_index|people_index|heavy_weapons_index,bfdd09e1afed9cf92108811b43ba9c92b8c5daa08c6d73a18ba39953c1499cbf
2022,2023,48,LKA,Sri Lanka,Sri Lanka,48,0,123.0,1.18,1.39,0.79,,,,secondary_snapshot_cc_by_sa_official_reference_locked,Wikipedia oldid 1359299505 / BICC GMI ranking year 2022,published_rank|gmi|military_expenditure_index|people_index|heavy_weapons_index,b83e96b2392edc96c6730da060076cffa27d3016205479eca4e5b12248b6b9eb
2022,2023,49,COG,Republic of the Congo,"Congo, Republic of",49,0,123.0,1.38,0.93,1.05,,,,secondary_snapshot_cc_by_sa_official_reference_locked,Wikipedia oldid 1359299505 / BICC GMI ranking year 2022,published_rank|gmi|military_expenditure_index|people_index|heavy_weapons_index,974b1c9b3add79bb5440320ec64af3da05c3079c1330e4ec96a0b6aca28fcb4c
2022,2023,50,AGO,Angola,Angola,50,0,122.0,1.2,0.93,1.2,,,,secondary_snapshot_cc_by_sa_official_reference_locked,Wikipedia oldid 1359299505 / BICC GMI ranking year 2022,published_rank|gmi|military_expenditure_index|people_index|heavy_weapons_index,438165382321250bfdf51fb43adae3aa20b29e2b5e58522cbddbc8c4fc0a0516
2022,2023,51,BDI,Burundi,Burundi,51,0,121.0,1.68,1.09,0.55,,,,secondary_snapshot_cc_by_sa_official_reference_locked,Wikipedia oldid 1359299505 / BICC GMI ranking year 2022,published_rank|gmi|military_expenditure_index|people_index|heavy_weapons_index,1fc366e010387fd552a48b1651a94b9034be40a38376f21c83635415673871c4
2022,2023,52,FRA,France,France,52,0,118.0,1.25,0.46,1.53,,,,secondary_snapshot_cc_by_sa_official_reference_locked,Wikipedia oldid 1359299505 / BICC GMI ranking year 2022,published_rank|gmi|military_expenditure_index|people_index|heavy_weapons_index,b225f24a6d4829c242e7451526c9b3bf256ce3896d222fdd9b099540b69d6619
2022,2023,53,MLI,Mali,Mali,53,0,118.0,1.83,0.85,0.56,,,,secondary_snapshot_cc_by_sa_official_reference_locked,Wikipedia oldid 1359299505 / BICC GMI ranking year 2022,published_rank|gmi|military_expenditure_index|people_index|heavy_weapons_index,616b05406e1d5c8273da1ff4cdf85761a2fee874fcfa6c4d0cd79d3b52d52062
2022,2023,54,KGZ,Kyrgyzstan,Kyrgyzstan,54,0,118.0,1.16,0.39,1.68,,,,secondary_snapshot_cc_by_sa_official_reference_locked,Wikipedia oldid 1359299505 / BICC GMI ranking year 2022,published_rank|gmi|military_expenditure_index|people_index|heavy_weapons_index,334d15762decaa1a1f3c8adab7f81aeb2104b5e027fc9a47a6fb44c450f465cb
2022,2023,55,CHL,Chile,Chile,55,0,117.0,1.24,0.58,1.39,,,,secondary_snapshot_cc_by_sa_official_reference_locked,Wikipedia oldid 1359299505 / BICC GMI ranking year 2022,published_rank|gmi|military_expenditure_index|people_index|heavy_weapons_index,dbd98e546be817cab961322e2e1b0a0312ae7b8133a02791e4c29e58f8f4c9e4
2022,2023,56,AUS,Australia,Australia,56,0,116.0,1.25,0.24,1.69,,,,secondary_snapshot_cc_by_sa_official_reference_locked,Wikipedia oldid 1359299505 / BICC GMI ranking year 2022,published_rank|gmi|military_expenditure_index|people_index|heavy_weapons_index,2ce748376d813a25aae6e22937198c0a1a90cc95b72a5802b59c5b51bdc3d130
2022,2023,57,CHE,Switzerland,Switzerland,57,0,114.0,0.65,0.32,2.16,,,,secondary_snapshot_cc_by_sa_official_reference_locked,Wikipedia oldid 1359299505 / BICC GMI ranking year 2022,published_rank|gmi|military_expenditure_index|people_index|heavy_weapons_index,1c5f3684b72f3815a54cc81f4703e41c43aaf1448896f10511addf9b343da2e2
2022,2023,58,BGR,Bulgaria,Bulgaria,58,0,114.0,1.1,0.5,1.53,,,,secondary_snapshot_cc_by_sa_official_reference_locked,Wikipedia oldid 1359299505 / BICC GMI ranking year 2022,published_rank|gmi|military_expenditure_index|people_index|heavy_weapons_index,3d4332caf7c5ec11ab4f8d03c22990474535437bc19cb9ab9da44b9625d063f7
2022,2023,59,GAB,Gabon,Gabon,59,0,114.0,1.11,0.61,1.39,,,,secondary_snapshot_cc_by_sa_official_reference_locked,Wikipedia oldid 1359299505 / BICC GMI ranking year 2022,published_rank|gmi|military_expenditure_index|people_index|heavy_weapons_index,acc30e9267547735013dde51b2e0fa8768bf29ece55aa054aebed6b8830f8b3c
2022,2023,60,GNB,Guinea-Bissau,Guinea-Bissau,60,0,112.0,1.15,0.73,1.18,,,,secondary_snapshot_cc_by_sa_official_reference_locked,Wikipedia oldid 1359299505 / BICC GMI ranking year 2022,published_rank|gmi|military_expenditure_index|people_index|heavy_weapons_index,15a599e97756bbbe654c7a8a39becea86da5de3861e159eb913b1f2c669bd0e4
2022,2023,61,SVK,Slovakia,Slovakia,61,0,111.0,1.24,0.31,1.5,,,,secondary_snapshot_cc_by_sa_official_reference_locked,Wikipedia oldid 1359299505 / BICC GMI ranking year 2022,published_rank|gmi|military_expenditure_index|people_index|heavy_weapons_index,deff0a5f85e7cc0c10b57aef6c4a948c36577509e6d7e7e5c020ac6c4c10564f
2022,2023,62,SWE,Sweden,Sweden,62,0,111.0,0.97,0.12,1.94,,,,secondary_snapshot_cc_by_sa_official_reference_locked,Wikipedia oldid 1359299505 / BICC GMI ranking year 2022,published_rank|gmi|military_expenditure_index|people_index|heavy_weapons_index,b4998d0475f3c43334e5b4d2f1bcd465af721ecd30923afeb43a47b60cad7c7b
2022,2023,63,THA,Thailand,Thailand,63,0,110.0,1.0,0.88,1.12,,,,secondary_snapshot_cc_by_sa_official_reference_locked,Wikipedia oldid 1359299505 / BICC GMI ranking year 2022,published_rank|gmi|military_expenditure_index|people_index|heavy_weapons_index,ca2c2154802c9371b2136714f3b6417a733a74867a929cc8d98b98530c192fdc
2022,2023,64,LVA,Latvia,Latvia,64,0,110.0,1.37,0.42,1.21,,,,secondary_snapshot_cc_by_sa_official_reference_locked,Wikipedia oldid 1359299505 / BICC GMI ranking year 2022,published_rank|gmi|military_expenditure_index|people_index|heavy_weapons_index,8990b3e4259b9597d5c13804debc25379bc3d7274f105889e8f42c73a15792d4
2022,2023,65,ITA,Italy,Italy,65,0,109.0,1.17,0.51,1.31,,,,secondary_snapshot_cc_by_sa_official_reference_locked,Wikipedia oldid 1359299505 / BICC GMI ranking year 2022,published_rank|gmi|military_expenditure_index|people_index|heavy_weapons_index,20fd6db01fc56ff40f86f5dec5298982af2dceed57b4a1982b3d27623085a013
2022,2023,66,COL,Colombia,Colombia,66,0,109.0,1.72,0.81,0.45,,,,secondary_snapshot_cc_by_sa_official_reference_locked,Wikipedia oldid 1359299505 / BICC GMI ranking year 2022,published_rank|gmi|military_expenditure_index|people_index|heavy_weapons_index,3535ab2c9a7dad4110ab906352af6c3d50e0b84d8b6cd47d00aa27274c85c956
2022,2023,67,DNK,Denmark,Denmark,67,0,109.0,1.03,0.31,1.64,,,,secondary_snapshot_cc_by_sa_official_reference_locked,Wikipedia oldid 1359299505 / BICC GMI ranking year 2022,published_rank|gmi|military_expenditure_index|people_index|heavy_weapons_index,79b75e01171490a9c9d2248f836d010f3884766d125f95a524a73082e7f24a5f
2022,2023,68,SDN,Sudan,Sudan,68,0,107.0,0.9,0.86,1.16,,,,secondary_snapshot_cc_by_sa_official_reference_locked,Wikipedia oldid 1359299505 / BICC GMI ranking year 2022,published_rank|gmi|military_expenditure_index|people_index|heavy_weapons_index,fd871129e39246cb7e18364859271332602bf36e5dc976e88047ddc1c6fd5d5a
2022,2023,69,SVN,Slovenia,Slovenia,69,0,106.0,0.92,0.33,1.67,,,,secondary_snapshot_cc_by_sa_official_reference_locked,Wikipedia oldid 1359299505 / BICC GMI ranking year 2022,published_rank|gmi|military_expenditure_index|people_index|heavy_weapons_index,59002e1be0d9d2712ac4f6b350d8b613f2835ed0ed23cbe285e24ece7c29f1ff
2022,2023,70,GBR,United Kingdom,United Kingdom,70,0,106.0,1.37,0.26,1.28,,,,secondary_snapshot_cc_by_sa_official_reference_locked,Wikipedia oldid 1359299505 / BICC GMI ranking year 2022,published_rank|gmi|military_expenditure_index|people_index|heavy_weapons_index,f08261b5f19ccd5ded85a42bf358a1d2327fe0a3d959c8ff35cb0da63b3615a4
2022,2023,71,VEN,Venezuela,Venezuela,71,0,106.0,0.65,1.14,1.11,,,,secondary_snapshot_cc_by_sa_official_reference_locked,Wikipedia oldid 1359299505 / BICC GMI ranking year 2022,published_rank|gmi|military_expenditure_index|people_index|heavy_weapons_index,d1b0b0adae5ed06c5221ec1e40554ff2c50c71f90c3c20e97fc19a3c35560384
2022,2023,72,RWA,Rwanda,Rwanda,72,0,103.0,1.09,0.97,0.77,,,,secondary_snapshot_cc_by_sa_official_reference_locked,Wikipedia oldid 1359299505 / BICC GMI ranking year 2022,published_rank|gmi|military_expenditure_index|people_index|heavy_weapons_index,ee6053e50482702244f7b40ab4adff834a170ae15837380c7184476c5aa980c4
2022,2023,73,UGA,Uganda,Uganda,73,0,102.0,1.52,0.58,0.68,,,,secondary_snapshot_cc_by_sa_official_reference_locked,Wikipedia oldid 1359299505 / BICC GMI ranking year 2022,published_rank|gmi|military_expenditure_index|people_index|heavy_weapons_index,4ffda16c55668789dfe9548949ab838fff264885909c2a80e4ac08f1515fc4a1
2022,2023,74,HUN,Hungary,Hungary,74,0,102.0,1.13,0.36,1.29,,,,secondary_snapshot_cc_by_sa_official_reference_locked,Wikipedia oldid 1359299505 / BICC GMI ranking year 2022,published_rank|gmi|military_expenditure_index|people_index|heavy_weapons_index,f0a803aa9678b05cd51f96cd96939bb0aaf5d86364b09e28f4e8061d6e8e4322
2022,2023,75,NER,Niger,Niger,75,0,101.0,1.22,1.23,0.33,,,,secondary_snapshot_cc_by_sa_official_reference_locked,Wikipedia oldid 1359299505 / BICC GMI ranking year 2022,published_rank|gmi|military_expenditure_index|people_index|heavy_weapons_index,e5881be729e9f3ddb5ba1097efa3d44bd61469fd42bfa82d51fcdc8caecd6d1a
2022,2023,76,BFA,Burkina Faso,Burkina Faso,76,0,101.0,1.79,0.54,0.45,,,,secondary_snapshot_cc_by_sa_official_reference_locked,Wikipedia oldid 1359299505 / BICC GMI ranking year 2022,published_rank|gmi|military_expenditure_index|people_index|heavy_weapons_index,810a4df2bf3c2c8eb9b301aba8ff29b38e657796ec867e0bf615b2d0186c697f
2022,2023,77,BOL,Bolivia,Bolivia,77,0,100.0,1.1,0.81,0.85,,,,secondary_snapshot_cc_by_sa_official_reference_locked,Wikipedia oldid 1359299505 / BICC GMI ranking year 2022,published_rank|gmi|military_expenditure_index|people_index|heavy_weapons_index,feb1e0470204e1489c7d0b209ef49858a813f3ed53856a29e59d531ecaed615d
2022,2023,78,PRT,Portugal,Portugal,78,0,100.0,0.99,0.43,1.31,,,,secondary_snapshot_cc_by_sa_official_reference_locked,Wikipedia oldid 1359299505 / BICC GMI ranking year 2022,published_rank|gmi|military_expenditure_index|people_index|heavy_weapons_index,227845dd3f7372cb653f577f4dbd805988ef6989a316cd9c41f3fc4137b01798
2022,2023,79,IND,India,India,79,0,99.0,1.79,0.48,0.44,,,,secondary_snapshot_cc_by_sa_official_reference_locked,Wikipedia oldid 1359299505 / BICC GMI ranking year 2022,published_rank|gmi|military_expenditure_index|people_index|heavy_weapons_index,ed250755ef59644a7a70f8774cc7cc11389f225aa7d535506d02b3522f28dde0
2022,2023,80,CZE,Czechia,Czech Republic,80,0,98.0,1.01,0.23,1.45,,,,secondary_snapshot_cc_by_sa_official_reference_locked,Wikipedia oldid 1359299505 / BICC GMI ranking year 2022,published_rank|gmi|military_expenditure_index|people_index|heavy_weapons_index,d932f86fa17043536d876f392d6744499553eb219a6f90c6a39e901d86ef612d
2022,2023,81,ESP,Spain,Spain,81,0,96.0,1.05,0.38,1.21,,,,secondary_snapshot_cc_by_sa_official_reference_locked,Wikipedia oldid 1359299505 / BICC GMI ranking year 2022,published_rank|gmi|military_expenditure_index|people_index|heavy_weapons_index,1da839674e5c4699b71406e9eb9bf8f262260ce59b6abdd3c1d768f66e9f1195
2022,2023,82,PER,Peru,Peru,82,0,96.0,0.94,0.63,1.06,,,,secondary_snapshot_cc_by_sa_official_reference_locked,Wikipedia oldid 1359299505 / BICC GMI ranking year 2022,published_rank|gmi|military_expenditure_index|people_index|heavy_weapons_index,e40d36fb428387138e065a3bb6a9223ff454b4fc04ed1c9d8915163052cd3165
2022,2023,83,SEN,Senegal,Senegal,83,0,94.0,1.21,0.76,0.63,,,,secondary_snapshot_cc_by_sa_official_reference_locked,Wikipedia oldid 1359299505 / BICC GMI ranking year 2022,published_rank|gmi|military_expenditure_index|people_index|heavy_weapons_index,2c78390f548b372cbb5648777fe89d627a482f802a9bf5191058a46337acd73b
2022,2023,84,GNQ,Equatorial Guinea,Equatorial Guinea,84,0,93.0,0.99,0.4,1.17,,,,secondary_snapshot_cc_by_sa_official_reference_locked,Wikipedia oldid 1359299505 / BICC GMI ranking year 2022,published_rank|gmi|military_expenditure_index|people_index|heavy_weapons_index,42aa8673b1816450be96b8f5814103bd29867df0e2c2b57840a855b73c6a49f8
2022,2023,85,NLD,Netherlands,Netherlands,85,0,92.0,1.1,0.24,1.19,,,,secondary_snapshot_cc_by_sa_official_reference_locked,Wikipedia oldid 1359299505 / BICC GMI ranking year 2022,published_rank|gmi|military_expenditure_index|people_index|heavy_weapons_index,9fa180521cead753642a3001cd6e1f8a41291bd040a6a306a49250b4bfa2a820
2022,2023,86,SLV,El Salvador,El Salvador,86,0,91.0,0.99,0.75,0.77,,,,secondary_snapshot_cc_by_sa_official_reference_locked,Wikipedia oldid 1359299505 / BICC GMI ranking year 2022,published_rank|gmi|military_expenditure_index|people_index|heavy_weapons_index,5480024051fe74c99be8dec687c71b003e505505e171e30a030a9535866f8474
2022,2023,87,CAF,Central African Republic,Central African Republic,87,0,91.0,1.18,1.0,0.34,,,,secondary_snapshot_cc_by_sa_official_reference_locked,Wikipedia oldid 1359299505 / BICC GMI ranking year 2022,published_rank|gmi|military_expenditure_index|people_index|heavy_weapons_index,fdd46a1311d47a8218a458ab6aaa7523e346a520139b2998d0370052f25bbf7b
2022,2023,88,BEL,Belgium,Belgium,88,0,91.0,0.9,0.18,1.43,,,,secondary_snapshot_cc_by_sa_official_reference_locked,Wikipedia oldid 1359299505 / BICC GMI ranking year 2022,published_rank|gmi|military_expenditure_index|people_index|heavy_weapons_index,c6d93dbaaf098f31b05590d958a54bdb7f433f42fd705e4b1ab2051bbbe013d2
2022,2023,89,GIN,Guinea,Guinea,89,0,90.0,1.5,0.49,0.49,,,,secondary_snapshot_cc_by_sa_official_reference_locked,Wikipedia oldid 1359299505 / BICC GMI ranking year 2022,published_rank|gmi|military_expenditure_index|people_index|heavy_weapons_index,6e89370bf82a462237b98eb37dbbca60a6075c961e047764a7edf48e2f9a0438
2022,2023,90,ECU,Ecuador,Ecuador,90,0,90.0,1.39,0.36,0.72,,,,secondary_snapshot_cc_by_sa_official_reference_locked,Wikipedia oldid 1359299505 / BICC GMI ranking year 2022,published_rank|gmi|military_expenditure_index|people_index|heavy_weapons_index,e3ab1dc02d8c0c44d11532fa63eae13757721a3b2570177f5c4509e4a6ec6fd5
2022,2023,91,KAZ,Kazakhstan,Kazakhstan,91,0,88.0,0.54,0.35,1.54,,,,secondary_snapshot_cc_by_sa_official_reference_locked,Wikipedia oldid 1359299505 / BICC GMI ranking year 2022,published_rank|gmi|military_expenditure_index|people_index|heavy_weapons_index,adbcb1df33f13713927ab73dbe9a1221bc8f05ac4d6f4b982b58dab6d8664691
2022,2023,92,NIC,Nicaragua,Nicaragua,92,0,87.0,0.49,0.43,1.47,,,,secondary_snapshot_cc_by_sa_official_reference_locked,Wikipedia oldid 1359299505 / BICC GMI ranking year 2022,published_rank|gmi|military_expenditure_index|people_index|heavy_weapons_index,24314d953586a0718e8fd3fedc81b1b22f5ffe7ec9ad9fbebaac6903130fbd5a
2022,2023,93,BIH,Bosnia and Herzegovina,Bosnia and Herzegovina,93,0,87.0,0.69,0.18,1.29,,,,secondary_snapshot_cc_by_sa_official_reference_locked,Wikipedia oldid 1359299505 / BICC GMI ranking year 2022,published_rank|gmi|military_expenditure_index|people_index|heavy_weapons_index,fd763b725fe3c57bd84503a7de7150ce260daddb9440d786a009e28fbc91cb6e
2022,2023,94,CAN,Canada,Canada,94,0,87.0,0.93,0.25,1.21,,,,secondary_snapshot_cc_by_sa_official_reference_locked,Wikipedia oldid 1359299505 / BICC GMI ranking year 2022,published_rank|gmi|military_expenditure_index|people_index|heavy_weapons_index,63f22f46fb19d0d76a5bc4f4c60b3033c3a25b012c57c78391dc807fb791e784
2022,2023,95,MYS,Malaysia,Malaysia,95,0,86.0,0.88,0.48,1.01,,,,secondary_snapshot_cc_by_sa_official_reference_locked,Wikipedia oldid 1359299505 / BICC GMI ranking year 2022,published_rank|gmi|military_expenditure_index|people_index|heavy_weapons_index,4544f1c2f207880a79606fa0cd8fb614252b440ba21565f6db856f4895c9182e
2022,2023,96,MDA,Moldova,Moldova,96,0,86.0,0.32,0.39,1.66,,,,secondary_snapshot_cc_by_sa_official_reference_locked,Wikipedia oldid 1359299505 / BICC GMI ranking year 2022,published_rank|gmi|military_expenditure_index|people_index|heavy_weapons_index,cd7f79eaf156a372345a62798fc113574f39b136601eb68443bdccc0a55ac43d
2022,2023,97,AUT,Austria,Austria,97,0,85.0,0.65,0.32,1.38,,,,secondary_snapshot_cc_by_sa_official_reference_locked,Wikipedia oldid 1359299505 / BICC GMI ranking year 2022,published_rank|gmi|military_expenditure_index|people_index|heavy_weapons_index,00baa0d8f6b1e521eaea7270d3d3362ba9e44f7965f340e61f74d3b54b4ec859
2022,2023,98,DEU,Germany,Germany,98,0,85.0,1.0,0.22,1.13,,,,secondary_snapshot_cc_by_sa_official_reference_locked,Wikipedia oldid 1359299505 / BICC GMI ranking year 2022,published_rank|gmi|military_expenditure_index|people_index|heavy_weapons_index,81d13c999429167126e38dca418770ffb1d8045457d38b22514929c0667f069d
2022,2023,99,ETH,Ethiopia,Ethiopia,99,0,84.0,0.87,1.19,0.26,,,,secondary_snapshot_cc_by_sa_official_reference_locked,Wikipedia oldid 1359299505 / BICC GMI ranking year 2022,published_rank|gmi|military_expenditure_index|people_index|heavy_weapons_index,cebcbf0609bb0b89616ccbf9253423041d7898033d706782652ccff1459f2064
2022,2023,100,LUX,Luxembourg,Luxembourg,100,0,83.0,0.66,0.2,1.44,,,,secondary_snapshot_cc_by_sa_official_reference_locked,Wikipedia oldid 1359299505 / BICC GMI ranking year 2022,published_rank|gmi|military_expenditure_index|people_index|heavy_weapons_index,933bbcfc055033ad9fce6749f37064add5e6ccf6bea695d5326f0c64e081b348
2022,2023,101,MOZ,Mozambique,Mozambique,101,0,81.0,1.11,0.46,0.65,,,,secondary_snapshot_cc_by_sa_official_reference_locked,Wikipedia oldid 1359299505 / BICC GMI ranking year 2022,published_rank|gmi|military_expenditure_index|people_index|heavy_weapons_index,f330bae9c0314f6420e657443c0d6711cb68173a3c13ecbf550f4753900b0146
2022,2023,102,ALB,Albania,Albania,102,0,80.0,1.17,0.36,0.68,,,,secondary_snapshot_cc_by_sa_official_reference_locked,Wikipedia oldid 1359299505 / BICC GMI ranking year 2022,published_rank|gmi|military_expenditure_index|people_index|heavy_weapons_index,64f057918a24da73268484252546ab68aa1f2e002157487b37a20b7264522e43
2022,2023,103,CHN,China,China,103,0,80.0,1.21,0.24,0.75,,,,secondary_snapshot_cc_by_sa_official_reference_locked,Wikipedia oldid 1359299505 / BICC GMI ranking year 2022,published_rank|gmi|military_expenditure_index|people_index|heavy_weapons_index,4a784f30d4fccd4d0854a111821d12a8cef74e8b3ca6126676ba44bec14f4af2
2022,2023,104,FJI,Fiji,Fiji,104,0,78.0,1.18,0.26,0.5,,,,secondary_snapshot_cc_by_sa_official_reference_locked,Wikipedia oldid 1359299505 / BICC GMI ranking year 2022,published_rank|gmi|military_expenditure_index|people_index|heavy_weapons_index,64d743624b3f0280961faf7e59b441f6f771838b38300825cddff33b026cb0d9
2022,2023,105,CMR,Cameroon,Cameroon,105,0,74.0,0.89,0.7,0.47,,,,secondary_snapshot_cc_by_sa_official_reference_locked,Wikipedia oldid 1359299505 / BICC GMI ranking year 2022,published_rank|gmi|military_expenditure_index|people_index|heavy_weapons_index,82f7a0125a27ba5fd5969aeb37b66f75e86bcacc90be843f273d738e22367453
2022,2023,106,SWZ,Eswatini,Swaziland,106,0,73.0,1.21,0.0,0.0,,,,secondary_snapshot_cc_by_sa_official_reference_locked,Wikipedia oldid 1359299505 / BICC GMI ranking year 2022,published_rank|gmi|military_expenditure_index|people_index|heavy_weapons_index,0195fb0376e82f0e7f6d2838b4aa8c503ad1a2df20ba7cbf0b46064651aaee94
2022,2023,107,HND,Honduras,Honduras,107,0,73.0,1.1,0.61,0.3,,,,secondary_snapshot_cc_by_sa_official_reference_locked,Wikipedia oldid 1359299505 / BICC GMI ranking year 2022,published_rank|gmi|military_expenditure_index|people_index|heavy_weapons_index,cda143cabf44942e2730d64d1b17fdc55422741cfc8cff5156bf5b3ae7471486
2022,2023,108,NPL,Nepal,Nepal,108,0,73.0,0.96,0.62,0.43,,,,secondary_snapshot_cc_by_sa_official_reference_locked,Wikipedia oldid 1359299505 / BICC GMI ranking year 2022,published_rank|gmi|military_expenditure_index|people_index|heavy_weapons_index,f42f374b2058a7f590bd6c04169525179fa32201a6d52a4e9dea1224749da3c0
2022,2023,109,ZWE,Zimbabwe,Zimbabwe,109,0,72.0,0.47,0.92,0.59,,,,secondary_snapshot_cc_by_sa_official_reference_locked,Wikipedia oldid 1359299505 / BICC GMI ranking year 2022,published_rank|gmi|military_expenditure_index|people_index|heavy_weapons_index,69cc5ba3d01c3ae646bbcd3a80c46a5ab96b81a3db8567263b1c638d82f10c6e
2022,2023,110,ZMB,Zambia,Zambia,110,0,70.0,0.98,0.4,0.57,,,,secondary_snapshot_cc_by_sa_official_reference_locked,Wikipedia oldid 1359299505 / BICC GMI ranking year 2022,published_rank|gmi|military_expenditure_index|people_index|heavy_weapons_index,7894330085303735adfa63255bbf41f38e04efb1cdc85141022211aee6afa7be
2022,2023,111,AFG,Afghanistan,Afghanistan,111,0,70.0,1.17,0.75,0.01,,,,secondary_snapshot_cc_by_sa_official_reference_locked,Wikipedia oldid 1359299505 / BICC GMI ranking year 2022,published_rank|gmi|military_expenditure_index|people_index|heavy_weapons_index,2f1fbc1e1b7d449d309a360bd1127cf4e0df6a7694e88361f5325e235a43baea
2022,2023,112,TZA,Tanzania,Tanzania,112,0,69.0,0.99,0.66,0.27,,,,secondary_snapshot_cc_by_sa_official_reference_locked,Wikipedia oldid 1359299505 / BICC GMI ranking year 2022,published_rank|gmi|military_expenditure_index|people_index|heavy_weapons_index,fa0256845164d7f81683d8b9c4278046aeded095e464ebb25727e0d311e43eec
2022,2023,113,JAM,Jamaica,Jamaica,113,0,68.0,1.03,0.53,0.33,,,,secondary_snapshot_cc_by_sa_official_reference_locked,Wikipedia oldid 1359299505 / BICC GMI ranking year 2022,published_rank|gmi|military_expenditure_index|people_index|heavy_weapons_index,308eebf8f81704256bf06b35762e5bedfc8deed78070f5dc9e1b02c83d566450
2022,2023,114,BRA,Brazil,Brazil,114,0,68.0,0.83,0.48,0.57,,,,secondary_snapshot_cc_by_sa_official_reference_locked,Wikipedia oldid 1359299505 / BICC GMI ranking year 2022,published_rank|gmi|military_expenditure_index|people_index|heavy_weapons_index,2543c3a22376582ec66dec0745cf8b8a6c315dc8ec17016892169ef37ea7ef4c
2022,2023,115,NZL,New Zealand,New Zealand,115,0,68.0,0.91,0.2,0.77,,,,secondary_snapshot_cc_by_sa_official_reference_locked,Wikipedia oldid 1359299505 / BICC GMI ranking year 2022,published_rank|gmi|military_expenditure_index|people_index|heavy_weapons_index,d21f96aa9d9f8e3ca80f0cb9304af7d0928490d9e9d5bb096368faeaa8270742
2022,2023,116,ZAF,South Africa,South Africa,116,0,68.0,0.65,0.31,0.92,,,,secondary_snapshot_cc_by_sa_official_reference_locked,Wikipedia oldid 1359299505 / BICC GMI ranking year 2022,published_rank|gmi|military_expenditure_index|people_index|heavy_weapons_index,fe216f069eda37ce1d4552e3816d6bac86521e8229c0342f80fc3d37b0272ae1
2022,2023,117,JPN,Japan,Japan,117,0,68.0,0.84,0.26,0.77,,,,secondary_snapshot_cc_by_sa_official_reference_locked,Wikipedia oldid 1359299505 / BICC GMI ranking year 2022,published_rank|gmi|military_expenditure_index|people_index|heavy_weapons_index,a7ee1a12237e47d4ba4b51263c266a4a6dbc062206ae68bb350e3422c2f8c340
2022,2023,118,BGD,Bangladesh,Bangladesh,118,0,68.0,1.09,0.36,0.43,,,,secondary_snapshot_cc_by_sa_official_reference_locked,Wikipedia oldid 1359299505 / BICC GMI ranking year 2022,published_rank|gmi|military_expenditure_index|people_index|heavy_weapons_index,b4a7f9f9c0568e7b3da7b49d4ba49c69135154e661af652fc3fad9046c7573a6
2022,2023,119,BEN,Benin,Benin,119,0,67.0,0.63,0.89,0.33,,,,secondary_snapshot_cc_by_sa_official_reference_locked,Wikipedia oldid 1359299505 / BICC GMI ranking year 2022,published_rank|gmi|military_expenditure_index|people_index|heavy_weapons_index,bb3b2260992206e88e3d585b713d31606abeca89203339345672ec9d3a3a4500
2022,2023,120,TJK,Tajikistan,Tajikistan,120,0,63.0,0.83,0.1,0.64,,,,secondary_snapshot_cc_by_sa_official_reference_locked,Wikipedia oldid 1359299505 / BICC GMI ranking year 2022,published_rank|gmi|military_expenditure_index|people_index|heavy_weapons_index,d17d55855836c2e7cfcca98502b55a09bf28021424a3c0c40782dcb5763260dc
2022,2023,121,CIV,Côte d’Ivoire,Cote D'Ivoire,121,0,62.0,0.84,0.58,0.3,,,,secondary_snapshot_cc_by_sa_official_reference_locked,Wikipedia oldid 1359299505 / BICC GMI ranking year 2022,published_rank|gmi|military_expenditure_index|people_index|heavy_weapons_index,4d433a4e89eea21ac8f606199722075adbc9f4eafe7fd9152aa9851437a122c5
2022,2023,122,DOM,Dominican Republic,Dominican Republic,122,0,60.0,0.68,0.77,0.22,,,,secondary_snapshot_cc_by_sa_official_reference_locked,Wikipedia oldid 1359299505 / BICC GMI ranking year 2022,published_rank|gmi|military_expenditure_index|people_index|heavy_weapons_index,b55b93acd364559c86fd02195d4ef573eeb22c2b914aaabbaeb0a59ab7562583
2022,2023,123,KEN,Kenya,Kenya,123,0,59.0,0.9,0.35,0.4,,,,secondary_snapshot_cc_by_sa_official_reference_locked,Wikipedia oldid 1359299505 / BICC GMI ranking year 2022,published_rank|gmi|military_expenditure_index|people_index|heavy_weapons_index,6b7ed3f9af9d07f2b630a79f2c69e4cb63b2181263ea9875f6e8765549ff1468
2022,2023,124,IDN,Indonesia,Indonesia,124,0,59.0,0.71,0.53,0.4,,,,secondary_snapshot_cc_by_sa_official_reference_locked,Wikipedia oldid 1359299505 / BICC GMI ranking year 2022,published_rank|gmi|military_expenditure_index|people_index|heavy_weapons_index,80c1db862d4bdc6db63ee5d199a4ec75bdd8e7ae781ca8c945051a19a56250a9
2022,2023,125,PRY,Paraguay,Paraguay,125,0,59.0,0.72,0.61,0.31,,,,secondary_snapshot_cc_by_sa_official_reference_locked,Wikipedia oldid 1359299505 / BICC GMI ranking year 2022,published_rank|gmi|military_expenditure_index|people_index|heavy_weapons_index,2ed0922cb3cc75e128bb7f86d94be9e22b310879e3715082941f97e06c5561fa
2022,2023,126,GMB,Gambia,Gambia,126,0,59.0,0.75,0.88,0.0,,,,secondary_snapshot_cc_by_sa_official_reference_locked,Wikipedia oldid 1359299505 / BICC GMI ranking year 2022,published_rank|gmi|military_expenditure_index|people_index|heavy_weapons_index,b1aeeab3b628cdf4183086e47adfe88d654ddb6ed5fdee5161ec08fab269ebf3
2022,2023,127,LBR,Liberia,Liberia,127,0,58.0,0.96,0.6,0.04,,,,secondary_snapshot_cc_by_sa_official_reference_locked,Wikipedia oldid 1359299505 / BICC GMI ranking year 2022,published_rank|gmi|military_expenditure_index|people_index|heavy_weapons_index,f559fb5774d88e8ad4cab0bf86e8757b138007f65133f0f00c0c176038409fed
2022,2023,128,LSO,Lesotho,Lesotho,128,0,58.0,1.04,0.33,0.22,,,,secondary_snapshot_cc_by_sa_official_reference_locked,Wikipedia oldid 1359299505 / BICC GMI ranking year 2022,published_rank|gmi|military_expenditure_index|people_index|heavy_weapons_index,45f769fc928820da1c7a2db9f01d676ef1460f24500a1f141efcf6ffb2867f7c
2022,2023,129,PHL,Philippines,Philippines,129,0,56.0,0.86,0.34,0.36,,,,secondary_snapshot_cc_by_sa_official_reference_locked,Wikipedia oldid 1359299505 / BICC GMI ranking year 2022,published_rank|gmi|military_expenditure_index|people_index|heavy_weapons_index,3426d41a2b3d56ff99ff715d6c27cadcd87a5af8518f317bfe039cee38f77053
2022,2023,130,SYC,Seychelles,Seychelles,130,0,56.0,1.07,0.49,0.0,,,,secondary_snapshot_cc_by_sa_official_reference_locked,Wikipedia oldid 1359299505 / BICC GMI ranking year 2022,published_rank|gmi|military_expenditure_index|people_index|heavy_weapons_index,2c21ee16d8e93ee743660e8d437a271d98664e48fe2dcb56ba17204eec47a806
2022,2023,131,MWI,Malawi,Malawi,131,0,55.0,0.61,0.77,0.14,,,,secondary_snapshot_cc_by_sa_official_reference_locked,Wikipedia oldid 1359299505 / BICC GMI ranking year 2022,published_rank|gmi|military_expenditure_index|people_index|heavy_weapons_index,59f0fb767ad0bf8d35e2e21ef288c45a889c34f27dffe8b03f47234ca295b087
2022,2023,132,ARG,Argentina,Argentina,132,0,55.0,0.39,0.23,0.9,,,,secondary_snapshot_cc_by_sa_official_reference_locked,Wikipedia oldid 1359299505 / BICC GMI ranking year 2022,published_rank|gmi|military_expenditure_index|people_index|heavy_weapons_index,242d01cd753a85eeca218f486b73eaf2602c5cfd0d41968870c9f8dd0b403145
2022,2023,133,GUY,Guyana,Guyana,133,0,54.0,0.55,0.58,0.38,,,,secondary_snapshot_cc_by_sa_official_reference_locked,Wikipedia oldid 1359299505 / BICC GMI ranking year 2022,published_rank|gmi|military_expenditure_index|people_index|heavy_weapons_index,36c2db5e75636ce234c6cf603879170b295f0284993abd70025934ca3998e81d
2022,2023,134,BLZ,Belize,Belize,134,0,53.0,0.75,0.73,0.0,,,,secondary_snapshot_cc_by_sa_official_reference_locked,Wikipedia oldid 1359299505 / BICC GMI ranking year 2022,published_rank|gmi|military_expenditure_index|people_index|heavy_weapons_index,3f4d4892df6f2b90fdff7ef2faf5617ba74ffea6f91c19204c031983aa79551e
2022,2023,135,NGA,Nigeria,Nigeria,135,0,53.0,0.66,0.39,0.43,,,,secondary_snapshot_cc_by_sa_official_reference_locked,Wikipedia oldid 1359299505 / BICC GMI ranking year 2022,published_rank|gmi|military_expenditure_index|people_index|heavy_weapons_index,02e6e34edff3c49bfb053bdbf498e81f7fea8224d38c7335dab7cc14a1c4b026
2022,2023,136,MEX,Mexico,Mexico,136,0,50.0,0.57,0.34,0.48,,,,secondary_snapshot_cc_by_sa_official_reference_locked,Wikipedia oldid 1359299505 / BICC GMI ranking year 2022,published_rank|gmi|military_expenditure_index|people_index|heavy_weapons_index,64c22b8b634c84a7ddafca8cd17c32fa58898f4b393d0be70c2249db43a90b43
2022,2023,137,SLE,Sierra Leone,Sierra Leone,137,0,50.0,0.55,0.77,0.07,,,,secondary_snapshot_cc_by_sa_official_reference_locked,Wikipedia oldid 1359299505 / BICC GMI ranking year 2022,published_rank|gmi|military_expenditure_index|people_index|heavy_weapons_index,706c107504981cab0f42c4050cddfe3ebf4805c191da9fa6096adcbad13ce3db
2022,2023,138,COD,Democratic Republic of the Congo,"Congo, Democratic Republic of the",138,0,50.0,0.59,0.5,0.3,,,,secondary_snapshot_cc_by_sa_official_reference_locked,Wikipedia oldid 1359299505 / BICC GMI ranking year 2022,published_rank|gmi|military_expenditure_index|people_index|heavy_weapons_index,5cbd710b4d5e4ee0d4557f900be0dd199642267c9d81f03d755e0f5d209372f9
2022,2023,139,TLS,Timor-Leste,Timor-Leste,139,0,45.0,0.87,0.4,0.0,,,,secondary_snapshot_cc_by_sa_official_reference_locked,Wikipedia oldid 1359299505 / BICC GMI ranking year 2022,published_rank|gmi|military_expenditure_index|people_index|heavy_weapons_index,066ed448ef487144b54eac4aa9ea3d1f108489c806af17583f6f6c887c231de9
2022,2023,140,GTM,Guatemala,Guatemala,140,0,45.0,0.46,0.43,0.37,,,,secondary_snapshot_cc_by_sa_official_reference_locked,Wikipedia oldid 1359299505 / BICC GMI ranking year 2022,published_rank|gmi|military_expenditure_index|people_index|heavy_weapons_index,bc3f17108a467d9ca39f68f8bb40c95d87dc75c57f6e5b7c634ce9e1e2deb2d8
2022,2023,141,MDG,Madagascar,Madagascar,141,0,45.0,0.65,0.47,0.13,,,,secondary_snapshot_cc_by_sa_official_reference_locked,Wikipedia oldid 1359299505 / BICC GMI ranking year 2022,published_rank|gmi|military_expenditure_index|people_index|heavy_weapons_index,6f4495d41ce0c3e7ddee8dc5f0e564c2e55d07253a7ae056ac1a02155bbe4c70
2022,2023,142,IRL,Ireland,Ireland,142,0,45.0,0.24,0.17,0.84,,,,secondary_snapshot_cc_by_sa_official_reference_locked,Wikipedia oldid 1359299505 / BICC GMI ranking year 2022,published_rank|gmi|military_expenditure_index|people_index|heavy_weapons_index,5551f01e5624a8dd5a7a76ccde33990d6842e0439ece16351c1a8f35d6cf200f
2022,2023,143,GHA,Ghana,Ghana,143,0,41.0,0.38,0.38,0.37,,,,secondary_snapshot_cc_by_sa_official_reference_locked,Wikipedia oldid 1359299505 / BICC GMI ranking year 2022,published_rank|gmi|military_expenditure_index|people_index|heavy_weapons_index,5407819856462fa410ceaadbfa167e4edf6183d06161a738797c5bce93448221
2022,2023,144,CPV,Cabo Verde,Cape Verde,144,0,34.0,0.53,0.44,0.0,,,,secondary_snapshot_cc_by_sa_official_reference_locked,Wikipedia oldid 1359299505 / BICC GMI ranking year 2022,published_rank|gmi|military_expenditure_index|people_index|heavy_weapons_index,facda9c89f8323a8977aa2a2ff1f965b79d6cfcc207b7ffe8a5790276f9a3c41
2022,2023,145,TTO,Trinidad and Tobago,Trinidad and Tobago,145,0,34.0,0.64,0.32,0.0,,,,secondary_snapshot_cc_by_sa_official_reference_locked,Wikipedia oldid 1359299505 / BICC GMI ranking year 2022,published_rank|gmi|military_expenditure_index|people_index|heavy_weapons_index,64b42c525e93db6e02d921b39293059e189465d0fb4d5e487bb8967992766055
2022,2023,146,PNG,Papua New Guinea,Papua New Guinea,146,0,33.0,0.4,0.55,0.0,,,,secondary_snapshot_cc_by_sa_official_reference_locked,Wikipedia oldid 1359299505 / BICC GMI ranking year 2022,published_rank|gmi|military_expenditure_index|people_index|heavy_weapons_index,70ca4c756064ffc9c3f4ea88c99a77884fe572b0a67d31023f7519b2add069c8
2022,2023,147,MUS,Mauritius,Mauritius,147,0,33.0,0.18,0.25,0.51,,,,secondary_snapshot_cc_by_sa_official_reference_locked,Wikipedia oldid 1359299505 / BICC GMI ranking year 2022,published_rank|gmi|military_expenditure_index|people_index|heavy_weapons_index,43427156e42238b8b09e6f173d4462f4c800385289fb383f4b00be44ba19ad0c
2022,2023,148,MLT,Malta,Malta,148,0,26.0,0.46,0.29,0.0,,,,secondary_snapshot_cc_by_sa_official_reference_locked,Wikipedia oldid 1359299505 / BICC GMI ranking year 2022,published_rank|gmi|military_expenditure_index|people_index|heavy_weapons_index,1b4ca806e790dc3a4d7671c4e5de3c95c4d3d1817d4bbdd51541895ad653fa32
2022,2023,149,HTI,Haiti,Haiti,149,0,4.0,0.09,0.07,0.0,,,,secondary_snapshot_cc_by_sa_official_reference_locked,Wikipedia oldid 1359299505 / BICC GMI ranking year 2022,published_rank|gmi|military_expenditure_index|people_index|heavy_weapons_index,641408585e262bb6ab74cfb1d21e628efdb006a0c53a89f0a5a1f93db4c313c5
