edition_year,reference_year,source_order,continent,region,iso3,country_name,criminality,criminality_rank,criminality_tied_rank,criminal_markets,criminal_markets_rank,criminal_markets_tied_rank,criminal_actors,criminal_actors_rank,criminal_actors_tied_rank,resilience,resilience_rank,resilience_tied_rank,human_trafficking,human_trafficking_rank,human_trafficking_tied_rank,human_smuggling,human_smuggling_rank,human_smuggling_tied_rank,extortion_protection_racketeering,extortion_protection_racketeering_rank,extortion_protection_racketeering_tied_rank,arms_trafficking,arms_trafficking_rank,arms_trafficking_tied_rank,counterfeit_goods,counterfeit_goods_rank,counterfeit_goods_tied_rank,illicit_excisable_goods,illicit_excisable_goods_rank,illicit_excisable_goods_tied_rank,flora_crimes,flora_crimes_rank,flora_crimes_tied_rank,fauna_crimes,fauna_crimes_rank,fauna_crimes_tied_rank,non_renewable_resource_crimes,non_renewable_resource_crimes_rank,non_renewable_resource_crimes_tied_rank,heroin_trade,heroin_trade_rank,heroin_trade_tied_rank,cocaine_trade,cocaine_trade_rank,cocaine_trade_tied_rank,cannabis_trade,cannabis_trade_rank,cannabis_trade_tied_rank,synthetic_drug_trade,synthetic_drug_trade_rank,synthetic_drug_trade_tied_rank,cyber_dependent_crimes,cyber_dependent_crimes_rank,cyber_dependent_crimes_tied_rank,financial_crimes,financial_crimes_rank,financial_crimes_tied_rank,mafia_style_groups,mafia_style_groups_rank,mafia_style_groups_tied_rank,criminal_networks,criminal_networks_rank,criminal_networks_tied_rank,state_embedded_actors,state_embedded_actors_rank,state_embedded_actors_tied_rank,foreign_actors,foreign_actors_rank,foreign_actors_tied_rank,private_sector_actors,private_sector_actors_rank,private_sector_actors_tied_rank,political_leadership_governance,political_leadership_governance_rank,political_leadership_governance_tied_rank,government_transparency_accountability,government_transparency_accountability_rank,government_transparency_accountability_tied_rank,international_cooperation,international_cooperation_rank,international_cooperation_tied_rank,national_policies_laws,national_policies_laws_rank,national_policies_laws_tied_rank,judicial_system_detention,judicial_system_detention_rank,judicial_system_detention_tied_rank,law_enforcement,law_enforcement_rank,law_enforcement_tied_rank,territorial_integrity,territorial_integrity_rank,territorial_integrity_tied_rank,anti_money_laundering,anti_money_laundering_rank,anti_money_laundering_tied_rank,economic_regulatory_capacity,economic_regulatory_capacity_rank,economic_regulatory_capacity_tied_rank,victim_witness_support,victim_witness_support_rank,victim_witness_support_tied_rank,prevention,prevention_rank,prevention_tied_rank,non_state_actors,non_state_actors_rank,non_state_actors_tied_rank,quality_flag,source_row_sha256
2025,2024,1,Africa,Central Africa,AGO,Angola,5.62,71,0,5.33,74,1,5.9,65,1,4.21,124,0,6.0,85,1,5.0,111,1,2.5,120,1,6.0,66,1,5.0,100,1,6.0,36,1,7.5,15,1,6.0,52,1,8.0,21,1,2.5,118,1,7.0,39,1,4.5,114,1,2.5,164,1,5.5,60,1,6.0,107,1,2.5,123,1,6.0,74,1,8.0,39,1,5.5,96,1,7.5,11,1,4.0,114,1,4.5,75,1,5.0,130,1,5.0,116,1,3.0,127,1,4.0,122,1,5.5,65,1,4.5,98,1,4.5,87,1,3.5,116,1,4.0,108,1,3.0,138,1,official_open_data_snapshot_derived_ranks,21147406ff1482bbd870358753bd4f0b93bfbececdec1d2fc9d3a019e4bc6421
2025,2024,2,Africa,Central Africa,BDI,Burundi,4.73,118,1,4.67,114,1,4.8,118,1,2.33,174,1,8.5,6,1,5.5,88,1,5.5,48,1,7.5,37,1,6.5,43,1,6.0,36,1,2.0,132,1,4.0,116,1,4.0,101,1,3.5,91,1,2.5,151,1,3.5,159,1,2.0,169,1,1.5,179,1,7.5,37,1,1.0,146,1,4.0,158,1,8.5,24,1,4.5,141,1,6.0,50,1,3.0,148,1,1.5,178,1,2.5,184,1,3.0,170,1,2.0,168,1,1.5,186,1,3.0,156,1,2.5,170,1,2.0,174,1,1.5,178,1,3.0,149,1,2.5,157,1,official_open_data_snapshot_derived_ranks,6f43a13a67724a6d3d0bc3c8bea8353606e8df044b284ccce5912ae16a39b6fe
2025,2024,3,Africa,Central Africa,CMR,Cameroon,6.18,47,1,6.27,38,1,6.1,55,1,3.13,162,0,6.5,71,1,5.5,88,1,7.0,22,1,7.5,37,1,7.5,10,1,5.5,66,1,7.5,15,1,7.5,15,1,7.0,43,1,3.5,91,1,3.5,126,1,7.0,13,1,7.0,37,1,5.0,79,1,6.5,80,1,3.5,98,1,7.5,21,1,8.5,24,1,7.5,17,1,3.5,146,1,2.0,170,1,2.0,160,1,5.5,105,1,4.5,132,1,2.5,157,1,3.5,141,1,2.0,177,1,3.5,143,1,2.5,164,1,2.5,152,1,3.0,149,1,4.0,105,1,official_open_data_snapshot_derived_ranks,3108ba365443a93f16a53639a99108b1dbf290767d822f2ff02692687aed1764
2025,2024,4,Africa,Central Africa,CAF,Central African Republic,7.03,16,0,5.97,48,0,8.1,5,1,2.08,181,1,8.0,17,1,5.5,88,1,7.0,22,1,9.0,6,1,7.0,22,1,5.0,81,1,7.0,26,1,8.0,8,1,10.0,1,0,1.5,153,1,2.0,164,1,4.0,145,1,7.0,37,1,3.0,134,1,5.5,131,1,8.0,12,1,8.0,7,1,9.0,7,1,9.0,1,1,6.5,36,1,1.5,184,1,2.0,160,1,3.5,168,1,2.5,180,1,1.5,183,1,2.0,174,1,2.0,177,1,2.0,179,1,1.5,184,1,2.0,161,1,2.0,171,1,2.5,157,1,official_open_data_snapshot_derived_ranks,b11cb81c45a4274d7796f162e30d02182399f08cfaba1a376bdff31ef7b180bb
2025,2024,5,Africa,Central Africa,TCD,Chad,6.0,52,0,5.4,69,1,6.6,38,1,2.33,174,1,7.5,38,1,8.0,12,1,6.5,28,1,9.0,6,1,6.0,55,1,4.5,100,1,1.5,154,1,3.5,138,1,7.5,33,1,2.0,140,1,4.5,101,1,6.0,51,1,7.5,24,1,2.5,150,1,4.5,160,1,5.0,63,1,7.0,34,1,8.5,24,1,6.5,49,1,6.0,50,1,2.5,162,1,2.0,160,1,4.5,150,1,3.0,170,1,2.0,168,1,2.5,168,1,3.0,156,1,1.5,187,1,2.0,174,1,1.5,178,1,1.5,183,1,2.0,170,1,official_open_data_snapshot_derived_ranks,074a518b4bc5a5decbea8ec1a76bf181c63db043f72b1f34fc9df45737cd87f7
2025,2024,6,Africa,Central Africa,COD,Democratic Republic of the Congo,7.47,6,0,6.33,35,1,8.6,1,0,2.21,177,1,7.5,38,1,6.0,72,1,7.5,16,1,9.5,1,1,7.0,22,1,5.0,81,1,9.0,1,0,8.5,3,1,9.5,2,1,3.0,101,1,3.0,137,1,7.0,13,1,3.0,152,1,1.5,179,1,8.0,13,1,9.0,4,1,9.0,2,0,9.0,7,1,9.0,1,1,7.0,21,1,1.5,184,1,2.0,160,1,3.5,168,1,3.0,170,1,2.5,157,1,1.5,186,1,1.5,185,1,1.5,187,1,1.5,184,1,2.0,161,1,2.0,171,1,4.0,105,1,official_open_data_snapshot_derived_ranks,d80b981bc103a72ee3aed5159b9f686a401a184d390e83f79b79531e96bc0693
2025,2024,7,Africa,Central Africa,COG,Republic of the Congo,5.03,99,1,4.37,131,0,5.7,74,1,3.08,163,1,7.0,56,1,4.0,132,1,3.5,95,1,4.0,120,1,5.5,80,1,4.0,115,1,8.0,8,1,7.0,23,1,4.5,94,1,1.0,170,1,6.0,61,1,2.0,188,1,2.0,169,1,2.0,163,1,5.0,146,1,3.5,98,1,6.5,57,1,8.5,24,1,6.0,76,1,4.0,123,1,3.0,148,1,1.5,178,1,5.0,130,1,4.0,145,1,2.0,168,1,4.5,102,1,3.0,156,1,3.0,160,1,3.0,153,1,2.0,161,1,3.5,136,1,2.5,157,1,official_open_data_snapshot_derived_ranks,523046089a012b7821eeb44d82ee243925366bb4bf9f404c6a41926977413f67
2025,2024,8,Africa,Central Africa,GNQ,Equatorial Guinea,4.37,137,0,3.53,162,1,5.2,97,1,2.08,181,1,5.0,125,1,2.0,173,1,2.0,129,1,4.0,120,1,2.5,168,1,2.0,166,1,8.5,2,1,5.0,81,1,6.0,67,1,1.0,170,1,2.5,151,1,3.5,159,1,1.0,187,1,1.0,189,1,7.0,53,1,1.0,146,1,2.0,186,1,9.0,7,1,5.5,96,1,8.5,1,0,1.5,184,1,1.5,178,1,2.5,184,1,3.5,159,1,1.5,183,1,2.0,174,1,3.5,142,1,2.0,179,1,2.0,174,1,1.5,178,1,2.0,171,1,1.5,186,1,official_open_data_snapshot_derived_ranks,588d5ef39cb417978a68f76d4efb5457ca8032b21bc0c7104b74b0c2ac67bf2b
2025,2024,9,Africa,Central Africa,GAB,Gabon,4.7,120,0,4.5,122,1,4.9,115,1,3.5,148,0,5.5,100,1,5.5,88,1,1.0,168,1,2.5,161,1,7.0,22,1,4.0,115,1,8.5,2,1,7.0,23,1,3.0,127,1,2.5,118,1,3.0,137,1,4.0,145,1,5.0,97,1,2.5,150,1,6.5,80,1,1.0,146,1,4.5,143,1,7.5,62,1,6.0,76,1,5.5,68,1,3.0,148,1,2.5,150,1,4.5,150,1,4.0,145,1,3.0,127,1,4.5,102,1,5.0,90,1,2.0,179,1,3.0,153,1,3.0,133,1,3.5,136,1,4.0,105,1,official_open_data_snapshot_derived_ranks,9ae51337d904f0b0d731b22e86a5a23ff36e56d643933e95ea4bf9b0ff177d02
2025,2024,10,Africa,Central Africa,RWA,Rwanda,3.87,158,1,4.13,140,1,3.6,165,1,5.0,87,1,5.5,100,1,2.5,163,1,1.0,168,1,6.0,66,1,6.0,55,1,4.0,115,1,2.0,132,1,4.0,116,1,8.5,13,1,3.0,101,1,3.0,137,1,4.0,145,1,1.5,177,1,4.5,95,1,6.5,80,1,2.0,129,1,3.0,175,1,6.0,107,1,4.0,155,1,3.0,160,1,4.5,88,1,4.0,94,1,5.0,130,1,6.0,69,1,4.5,79,1,5.5,56,1,6.5,34,1,5.5,47,1,5.5,50,1,5.0,52,1,5.5,52,1,2.5,157,1,official_open_data_snapshot_derived_ranks,69a6d49fbd68b965898612e56d12a4988fbea4a0886c6eb4a79fcd385988f964
2025,2024,11,Africa,Central Africa,STP,Sao Tome and Principe,1.8,191,0,1.9,190,0,1.7,192,0,4.79,97,1,1.5,189,1,1.0,187,1,1.0,168,1,1.5,183,1,2.5,168,1,2.0,166,1,3.0,105,1,2.0,175,1,1.0,174,1,2.5,118,1,2.5,151,1,3.0,173,1,1.5,177,1,1.0,189,1,2.5,186,1,1.0,146,1,1.5,189,1,3.0,159,1,2.0,190,1,1.0,190,1,6.0,38,1,5.0,59,1,7.0,44,1,7.0,28,1,6.0,37,1,4.5,102,1,5.0,90,1,3.5,143,1,3.0,153,1,3.5,116,1,3.0,149,1,4.0,105,1,official_open_data_snapshot_derived_ranks,d267aa1bc5a68e6c952b9b1c4e38efec775daff45f1054fa87226bab3057090d
2025,2024,12,Africa,East Africa,DJI,Djibouti,4.85,112,0,4.5,122,1,5.2,97,1,4.08,126,1,7.0,56,1,8.0,12,1,3.0,102,1,8.0,26,1,6.0,55,1,6.0,36,1,1.5,154,1,6.0,52,1,4.0,101,1,3.0,101,1,2.0,164,1,3.5,159,1,1.0,187,1,2.0,163,1,6.5,80,1,1.0,146,1,6.0,74,1,6.0,107,1,7.0,34,1,6.0,50,1,3.5,132,1,3.0,135,1,6.5,63,1,4.5,132,1,3.5,113,1,4.0,122,1,5.0,90,1,5.0,75,1,4.5,87,1,2.5,152,1,4.0,108,1,3.0,138,1,official_open_data_snapshot_derived_ranks,ff54d45851c9010cae41800d8e4d31da0b5994df4ee720a7c77bdbeac85b1bb4
2025,2024,13,Africa,East Africa,ERI,Eritrea,3.92,156,0,3.93,148,1,3.9,154,1,2.21,177,1,9.0,1,1,8.5,7,1,1.0,168,1,8.0,26,1,4.0,133,1,7.0,11,1,2.0,132,1,3.0,160,1,2.5,143,1,2.0,140,1,1.5,178,1,4.0,145,1,1.0,187,1,1.5,179,1,4.0,167,1,1.0,146,1,5.0,120,1,9.5,3,1,2.5,187,1,1.5,181,1,1.0,191,1,1.0,189,1,2.0,187,1,2.5,180,1,2.0,168,1,2.5,168,1,6.5,34,1,3.0,160,1,2.5,164,1,1.0,188,1,1.5,183,1,1.0,190,1,official_open_data_snapshot_derived_ranks,6464f2ca790ae4c7ccdaf8b8742773804fad4c7b5bb151d7e1fe24e9a696742c
2025,2024,14,Africa,East Africa,ETH,Ethiopia,6.03,50,1,6.17,42,0,5.9,65,1,4.5,111,1,8.0,17,1,7.5,24,1,6.5,28,1,8.5,19,1,7.0,22,1,8.0,3,1,4.5,74,1,6.5,40,1,7.0,43,1,3.5,91,1,4.0,111,1,6.0,51,1,3.0,152,1,5.5,60,1,7.0,53,1,4.0,86,1,7.0,34,1,6.0,107,1,6.0,76,1,6.5,36,1,3.5,132,1,4.0,94,1,5.5,105,1,6.0,69,1,5.0,59,1,4.0,122,1,4.0,124,1,6.0,31,1,4.5,87,1,3.0,133,1,5.0,66,1,3.5,122,1,official_open_data_snapshot_derived_ranks,f99e518c6838fe0eb97019c70fd282442b3010dac626601848bb4fc0e914140c
2025,2024,15,Africa,East Africa,KEN,Kenya,7.18,11,0,7.27,6,0,7.1,24,1,5.17,75,1,8.0,17,1,8.0,12,1,7.5,16,1,7.5,37,1,7.5,10,1,6.5,24,1,6.5,39,1,7.0,23,1,7.0,43,1,8.0,7,1,6.5,47,1,6.5,30,1,6.5,50,1,8.0,7,1,8.0,13,1,7.0,25,1,8.0,7,1,8.0,39,1,6.5,49,1,6.0,50,1,4.5,88,1,4.0,94,1,7.5,35,1,7.0,28,1,5.5,51,1,5.0,75,1,5.5,65,1,5.5,47,1,5.0,67,1,3.0,133,1,3.5,136,1,6.0,49,1,official_open_data_snapshot_derived_ranks,6b36efc7a028a29c051fb0e6a87306ecbf42d8b0b98786ccd6d1ff6ce64e2b55
2025,2024,16,Africa,East Africa,SOM,Somalia,6.55,34,0,5.6,59,1,7.5,13,1,1.88,188,1,8.5,6,1,8.0,12,1,9.5,1,0,9.0,6,1,7.0,22,1,6.0,36,1,6.5,39,1,6.0,52,1,4.0,101,1,2.5,118,1,2.0,164,1,2.5,182,1,3.0,152,1,2.5,150,1,7.0,53,1,9.5,1,1,7.5,21,1,8.0,39,1,6.0,76,1,6.5,36,1,1.5,184,1,1.5,178,1,3.0,175,1,2.5,180,1,2.0,168,1,1.5,186,1,1.5,185,1,2.0,179,1,1.5,184,1,1.5,178,1,1.5,183,1,2.5,157,1,official_open_data_snapshot_derived_ranks,64a8e4f80f4f88c137f9256099141cce4a70e6f4f59b396363f0c44f22d0c9ec
2025,2024,17,Africa,East Africa,SSD,South Sudan,6.42,38,0,5.33,74,1,7.5,13,1,2.04,184,0,8.5,6,1,7.0,38,1,5.5,48,1,8.0,26,1,6.0,55,1,5.0,81,1,7.0,26,1,6.5,40,1,8.5,13,1,2.0,140,1,1.5,178,1,3.0,173,1,2.0,169,1,2.0,163,1,7.5,37,1,5.5,48,1,7.5,21,1,9.0,7,1,8.0,8,1,7.5,11,1,2.0,170,1,1.5,178,1,3.0,175,1,3.0,170,1,2.0,168,1,2.0,174,1,1.5,185,1,1.5,187,1,3.0,153,1,1.5,178,1,1.5,183,1,2.0,170,1,official_open_data_snapshot_derived_ranks,0909770c0f45ef8e3ee38815c5212726c95fa13f3406441f2296783c386097b6
2025,2024,18,Africa,East Africa,SDN,Sudan,6.63,27,1,5.67,54,1,7.6,11,1,2.25,176,0,8.5,6,1,9.0,2,1,7.5,16,1,9.5,1,1,4.0,133,1,4.0,115,1,3.0,105,1,4.5,101,1,9.0,5,1,2.5,118,1,1.5,178,1,6.5,30,1,5.0,97,1,3.0,134,1,7.5,37,1,7.5,20,1,6.5,57,1,8.5,24,1,8.0,8,1,7.5,11,1,1.5,184,1,1.5,178,1,4.0,158,1,4.5,132,1,2.5,157,1,2.0,174,1,2.0,177,1,3.0,160,1,2.0,174,1,1.0,188,1,1.5,183,1,1.5,186,1,official_open_data_snapshot_derived_ranks,6cf0a653861702a3e7ea628dc6b5ae45b12254e1ffec1ec0ea32e6c0b5220f65
2025,2024,19,Africa,East Africa,TZA,Tanzania,5.93,53,1,6.27,38,1,5.6,78,1,4.17,125,0,6.5,71,1,6.0,72,1,4.0,82,1,6.0,66,1,7.0,22,1,6.5,24,1,7.0,26,1,7.0,23,1,6.5,61,1,8.0,7,1,6.5,47,1,6.5,30,1,5.5,79,1,5.0,79,1,6.0,107,1,3.0,111,1,6.5,57,1,6.0,107,1,6.0,76,1,6.5,36,1,4.5,88,1,3.0,135,1,5.0,130,1,6.0,69,1,5.0,59,1,4.0,122,1,4.5,108,1,4.5,98,1,4.0,111,1,3.0,133,1,3.0,149,1,3.5,122,1,official_open_data_snapshot_derived_ranks,ae04a4ba3c0a14f14474d218e647b9827eb2c39826ef6c1b7d9da2dcc298a7e0
2025,2024,20,Africa,East Africa,UGA,Uganda,6.65,26,0,6.5,27,0,6.8,33,1,3.67,146,0,7.5,38,1,7.0,38,1,5.5,48,1,6.5,53,1,7.5,10,1,6.0,36,1,7.5,15,1,7.0,23,1,8.0,21,1,6.0,31,1,5.0,89,1,6.5,30,1,4.0,126,1,6.0,50,1,7.5,37,1,5.5,48,1,7.0,34,1,8.0,39,1,7.0,34,1,6.5,36,1,4.5,88,1,2.0,160,1,5.0,130,1,5.0,116,1,4.0,97,1,3.0,154,1,4.5,108,1,3.5,143,1,3.5,136,1,2.0,161,1,4.0,108,1,3.0,138,1,official_open_data_snapshot_derived_ranks,20d80b96906c9334971a842b89bfd71b672f25dcd443ae05da7878d286cd22dd
2025,2024,21,Africa,North Africa,DZA,Algeria,4.97,103,1,5.33,74,1,4.6,126,1,4.25,122,1,4.0,161,1,7.5,24,1,3.0,102,1,4.5,106,1,6.0,55,1,6.5,24,1,1.5,154,1,5.5,70,1,7.5,33,1,2.5,118,1,4.5,101,1,7.0,13,1,7.5,24,1,4.5,95,1,8.0,13,1,1.0,146,1,5.0,120,1,7.5,62,1,5.0,120,1,4.5,108,1,4.5,88,1,3.0,135,1,5.0,130,1,6.5,47,1,3.0,127,1,6.0,44,1,5.5,65,1,4.0,122,1,4.5,87,1,3.0,133,1,3.5,136,1,2.5,157,1,official_open_data_snapshot_derived_ranks,c2e94328edd94153ffa0b0c5578ef48ce4f153220b7ee4aa8d51425a15175339
2025,2024,22,Africa,North Africa,EGY,Egypt,5.3,83,1,5.2,83,1,5.4,88,1,3.75,143,1,6.0,85,1,7.0,38,1,3.5,95,1,7.0,42,1,6.0,55,1,3.5,143,1,1.0,168,1,5.5,70,1,4.0,101,1,5.5,42,1,2.5,151,1,7.5,7,1,8.0,17,1,3.0,134,1,8.0,13,1,4.0,86,1,6.0,74,1,8.5,24,1,5.0,120,1,3.5,146,1,4.0,114,1,2.5,150,1,5.0,130,1,4.5,132,1,2.5,157,1,5.0,75,1,5.0,90,1,5.0,75,1,4.0,111,1,2.5,152,1,2.5,165,1,2.5,157,1,official_open_data_snapshot_derived_ranks,348be297fabfc7ea9d41c0a649459dc083046f974b44808bf9ddcf71765c5ef8
2025,2024,23,Africa,North Africa,LBY,Libya,7.05,15,0,6.7,17,0,7.4,18,0,1.88,188,1,8.5,6,1,9.5,1,0,9.0,2,1,9.5,1,1,6.5,43,1,7.0,11,1,1.0,168,1,3.5,138,1,9.5,2,1,2.5,118,1,6.5,47,1,7.0,13,1,8.0,17,1,3.5,126,1,9.0,1,1,9.0,4,1,8.0,7,1,9.5,3,1,5.5,96,1,5.0,78,1,2.5,162,1,1.5,178,1,2.5,184,1,2.0,186,1,1.5,183,1,2.0,174,1,2.0,177,1,2.0,179,1,2.0,174,1,1.0,188,1,1.5,183,1,2.0,170,1,official_open_data_snapshot_derived_ranks,282ce49b2261d8fa99e112c49410f670b24dfa9d300d15820da607cebf25c762
2025,2024,24,Africa,North Africa,MRT,Mauritania,4.4,136,0,4.5,122,1,4.3,136,1,3.25,155,1,7.5,38,1,7.0,38,1,3.0,102,1,4.0,120,1,6.0,55,1,6.0,36,1,1.5,154,1,4.5,101,1,3.5,115,1,1.5,153,1,5.0,89,1,7.0,13,1,3.0,152,1,1.5,179,1,6.5,80,1,1.0,146,1,5.5,105,1,6.5,97,1,5.0,120,1,3.5,146,1,4.0,114,1,3.0,135,1,4.0,158,1,3.5,159,1,2.5,157,1,3.0,154,1,3.5,142,1,4.5,98,1,3.0,153,1,2.0,161,1,2.5,165,1,3.5,122,1,official_open_data_snapshot_derived_ranks,7f430c96296cbf41e8c7e728d5e52b5af9865c0f2987a83153d8341ccd7bbcbf
2025,2024,25,Africa,North Africa,MAR,Morocco,5.37,79,1,5.53,62,1,5.2,97,1,4.67,102,1,5.5,100,1,7.5,24,1,5.5,48,1,2.0,171,1,7.0,22,1,6.0,36,1,2.0,132,1,5.0,81,1,3.5,115,1,4.5,54,1,6.5,47,1,9.0,1,1,7.0,37,1,4.5,95,1,7.5,37,1,1.5,140,1,7.0,34,1,7.5,62,1,5.5,96,1,4.5,108,1,4.5,88,1,3.5,117,1,6.0,85,1,6.5,47,1,4.0,97,1,5.5,56,1,6.0,46,1,4.0,122,1,4.5,87,1,4.5,68,1,4.0,108,1,3.0,138,1,official_open_data_snapshot_derived_ranks,81ae8ad271219976c41940c2711ca39d47e6e008ead7217de1a433d0cbbd1438
2025,2024,26,Africa,North Africa,TUN,Tunisia,4.68,121,1,5.17,87,1,4.2,142,1,4.33,120,0,4.5,150,1,8.0,12,1,3.5,95,1,3.0,148,1,6.0,55,1,6.0,36,1,2.5,117,1,5.0,81,1,6.0,67,1,3.0,101,1,4.0,111,1,7.0,13,1,7.0,37,1,4.0,111,1,8.0,13,1,1.5,140,1,4.5,143,1,6.5,97,1,4.0,155,1,4.5,108,1,4.5,88,1,3.0,135,1,5.5,105,1,6.0,69,1,3.0,127,1,5.0,75,1,6.0,46,1,5.5,47,1,3.5,136,1,4.0,84,1,3.0,149,1,3.0,138,1,official_open_data_snapshot_derived_ranks,7bcd518070d42e366b9a8a90116086359b8440e164d0c819f5405840c663ce4d
2025,2024,27,Africa,Southern Africa,BWA,Botswana,4.17,144,1,4.23,135,0,4.1,147,1,5.38,62,1,4.0,161,1,3.5,141,1,1.5,150,1,3.0,148,1,5.5,80,1,5.5,66,1,2.0,132,1,7.5,15,1,4.0,101,1,3.5,91,1,3.5,126,1,4.5,114,1,4.0,126,1,5.5,60,1,6.0,107,1,1.0,146,1,5.5,105,1,4.5,131,1,5.5,96,1,4.0,123,1,5.0,69,1,4.0,94,1,7.5,35,1,7.0,28,1,6.0,37,1,5.0,75,1,5.0,90,1,5.5,47,1,6.0,36,1,4.5,68,1,4.5,90,1,4.5,87,1,official_open_data_snapshot_derived_ranks,84e303ff5dbd11ee99f7d1dc053bb02f2f6b842c3c20f74dcad88f16fa0e04d5
2025,2024,28,Africa,Southern Africa,COM,Comoros,3.83,161,1,3.67,157,1,4.0,152,1,2.63,172,0,4.5,150,1,6.0,72,1,1.5,150,1,3.0,148,1,2.5,168,1,4.5,100,1,3.0,105,1,6.0,52,1,2.0,148,1,4.0,72,1,2.0,164,1,3.5,159,1,5.0,97,1,2.0,163,1,5.5,131,1,1.5,140,1,4.5,143,1,7.0,81,1,5.0,120,1,2.0,174,1,2.5,162,1,2.0,160,1,3.0,175,1,2.5,180,1,2.0,168,1,2.5,168,1,3.0,156,1,4.0,122,1,3.0,153,1,2.0,161,1,2.5,165,1,2.5,157,1,official_open_data_snapshot_derived_ranks,9ad50f9dc01eac84ebdeeb07868831bf42f4e35fe4f930bade2bae7d54a5a9f9
2025,2024,29,Africa,Southern Africa,SWZ,Eswatini,4.25,141,1,3.8,155,0,4.7,122,1,3.21,159,1,4.0,161,1,4.5,119,1,3.0,102,1,3.5,138,1,4.5,117,1,4.5,100,1,1.5,154,1,2.0,175,1,3.5,115,1,3.0,101,1,3.0,137,1,6.0,51,1,3.0,152,1,5.0,79,1,6.0,107,1,1.0,146,1,5.5,105,1,6.5,97,1,4.5,141,1,6.0,50,1,3.0,148,1,2.0,160,1,5.0,130,1,3.0,170,1,3.0,127,1,3.0,154,1,4.0,124,1,4.5,98,1,2.5,164,1,2.5,152,1,4.0,108,1,2.0,170,1,official_open_data_snapshot_derived_ranks,444e7062e030ee9f22a3793b8048a9028eac43f40f0aa27e32584036847dbe64
2025,2024,30,Africa,Southern Africa,LSO,Lesotho,4.52,128,0,3.73,156,0,5.3,92,1,3.92,135,1,4.0,161,1,3.5,141,1,3.0,102,1,5.0,90,1,2.5,168,1,3.5,143,1,1.0,168,1,3.0,160,1,6.0,67,1,3.5,91,1,5.0,89,1,5.5,76,1,3.5,139,1,2.0,163,1,5.0,146,1,6.0,36,1,5.5,105,1,7.0,81,1,5.5,96,1,2.5,170,1,4.5,88,1,3.5,117,1,7.0,44,1,4.5,132,1,3.0,127,1,3.0,154,1,3.5,142,1,4.0,122,1,4.0,111,1,3.5,116,1,3.5,136,1,3.0,138,1,official_open_data_snapshot_derived_ranks,ff48fd4ec9cdbb525e0587951ab2126531ba0b2b33c587a897f209d4cf488afd
2025,2024,31,Africa,Southern Africa,MDG,Madagascar,5.83,62,1,5.47,64,1,6.2,50,1,3.25,155,1,5.5,100,1,4.0,132,1,5.5,48,1,5.5,79,1,4.5,117,1,4.0,115,1,8.0,8,1,8.0,8,1,8.0,21,1,7.0,17,1,4.0,111,1,6.5,30,1,3.5,139,1,2.0,163,1,6.0,107,1,5.0,63,1,6.0,74,1,8.0,39,1,6.5,49,1,5.5,68,1,3.5,132,1,2.0,160,1,3.0,175,1,3.5,159,1,2.5,157,1,3.5,141,1,5.0,90,1,4.5,98,1,2.5,164,1,2.5,152,1,4.0,108,1,2.5,157,1,official_open_data_snapshot_derived_ranks,444e8ca2b18dfac957d5b2a66e8bdf96e83bdff253807fcf24729da72f30a1d2
2025,2024,32,Africa,Southern Africa,MWI,Malawi,4.17,144,1,4.53,119,1,3.8,160,1,4.42,118,1,5.0,125,1,4.5,119,1,2.0,129,1,4.0,120,1,6.0,55,1,6.0,36,1,5.0,63,1,6.5,40,1,4.5,94,1,2.0,140,1,3.5,126,1,6.5,30,1,3.0,152,1,2.5,150,1,7.0,53,1,1.0,146,1,4.5,143,1,4.0,140,1,5.5,96,1,4.0,123,1,4.5,88,1,5.0,59,1,5.5,105,1,5.5,92,1,5.0,59,1,3.5,141,1,3.0,156,1,5.0,75,1,4.0,111,1,3.0,133,1,4.0,108,1,5.0,67,1,official_open_data_snapshot_derived_ranks,40e8e3139bc7992f51c5b4a91d4cdaf34f393862dc072891db5b61caa5d97bc8
2025,2024,33,Africa,Southern Africa,MUS,Mauritius,4.23,143,0,4.17,136,1,4.3,136,1,5.58,50,1,4.5,150,1,3.5,141,1,1.5,150,1,2.5,161,1,4.0,133,1,1.5,179,1,3.5,93,1,3.0,160,1,4.0,101,1,8.0,7,1,3.5,126,1,5.5,76,1,8.0,17,1,4.0,111,1,5.5,131,1,2.0,129,1,5.5,105,1,5.0,127,1,4.0,155,1,5.0,78,1,6.0,38,1,6.0,34,1,6.5,63,1,6.0,69,1,6.0,37,1,5.5,56,1,5.5,65,1,4.0,122,1,7.0,22,1,4.0,84,1,5.0,66,1,5.5,57,1,official_open_data_snapshot_derived_ranks,bff6c0caa12179fbe1445d23b4c33ca32cdbbf20c0c09c5b83c5d662c2e94630
2025,2024,34,Africa,Southern Africa,MOZ,Mozambique,6.63,27,1,6.37,32,1,6.9,28,1,3.25,155,1,5.0,125,1,6.0,72,1,6.0,34,1,6.5,53,1,5.0,100,1,5.5,66,1,8.0,8,1,8.0,8,1,8.5,13,1,8.0,7,1,6.5,47,1,4.5,114,1,7.5,24,1,3.5,126,1,7.0,53,1,6.0,36,1,8.0,7,1,9.0,7,1,7.5,17,1,4.0,123,1,2.5,162,1,3.0,135,1,5.5,105,1,5.5,92,1,2.0,168,1,2.0,174,1,3.0,156,1,3.0,160,1,4.0,111,1,3.0,133,1,3.0,149,1,2.5,157,1,official_open_data_snapshot_derived_ranks,bf6ee95cb10a9fc5825e89fe77bd3ff84beed3c2f69e65aa6f856b298ce7cba6
2025,2024,35,Africa,Southern Africa,NAM,Namibia,4.43,133,0,4.17,136,1,4.7,122,1,4.58,109,0,3.5,175,1,2.5,163,1,1.5,150,1,3.5,138,1,4.5,117,1,3.5,143,1,6.5,39,1,6.0,52,1,4.5,94,1,3.0,101,1,4.5,101,1,4.0,145,1,4.5,114,1,5.5,60,1,5.0,146,1,1.0,146,1,5.5,105,1,6.0,107,1,6.5,49,1,4.5,108,1,5.0,69,1,4.0,94,1,6.5,63,1,6.5,47,1,4.0,97,1,3.5,141,1,3.5,142,1,3.5,143,1,4.5,87,1,4.0,84,1,4.0,108,1,6.0,49,1,official_open_data_snapshot_derived_ranks,d9e09e95d512df327e90e71dddf08baba8e843f2c7b798f7201779bd9ade1f30
2025,2024,36,Africa,Southern Africa,SYC,Seychelles,3.65,164,0,3.4,166,1,3.9,154,1,5.38,62,1,4.0,161,1,3.5,141,1,1.0,168,1,3.0,148,1,3.0,160,1,2.0,166,1,1.0,168,1,4.5,101,1,2.0,148,1,8.0,7,1,4.5,101,1,3.5,159,1,3.5,139,1,2.0,163,1,5.5,131,1,1.5,140,1,5.0,120,1,4.0,140,1,5.0,120,1,4.0,123,1,6.0,38,1,6.0,34,1,6.5,63,1,5.5,92,1,6.0,37,1,5.0,75,1,5.0,90,1,5.0,75,1,4.5,87,1,4.5,68,1,5.0,66,1,5.5,57,1,official_open_data_snapshot_derived_ranks,85c31c75219a52a9a2c0b49e40bf28013a04ad4b3359e1c5df25836fd23469fe
2025,2024,37,Africa,Southern Africa,ZAF,South Africa,7.43,7,0,7.17,8,0,7.7,10,0,5.67,44,1,4.5,150,1,5.5,88,1,8.5,6,1,8.0,26,1,7.0,22,1,7.0,11,1,6.0,48,1,8.0,8,1,8.0,21,1,8.0,7,1,7.5,24,1,5.0,100,1,9.0,4,1,8.0,7,1,7.5,37,1,8.0,12,1,8.0,7,1,8.0,39,1,7.5,17,1,7.0,21,1,5.5,50,1,5.5,42,1,7.0,44,1,7.0,28,1,6.0,37,1,4.5,102,1,6.0,46,1,5.0,75,1,6.0,36,1,4.0,84,1,4.5,90,1,7.0,25,1,official_open_data_snapshot_derived_ranks,163b0dab71bb17dea5c6309d38b6a13ab96511075157444c5892ef273373be36
2025,2024,38,Africa,Southern Africa,ZMB,Zambia,4.78,116,0,4.57,117,1,5.0,111,1,4.67,102,1,5.0,125,1,4.0,132,1,2.5,120,1,3.0,148,1,4.5,117,1,5.0,81,1,7.5,15,1,5.5,70,1,5.5,74,1,4.5,54,1,3.5,126,1,5.0,100,1,3.5,139,1,4.0,111,1,5.5,131,1,2.0,129,1,6.0,74,1,6.5,97,1,7.0,34,1,3.5,146,1,4.5,88,1,4.0,94,1,5.5,105,1,6.5,47,1,5.0,59,1,4.0,122,1,3.5,142,1,5.5,47,1,5.5,50,1,3.0,133,1,4.0,108,1,5.0,67,1,official_open_data_snapshot_derived_ranks,e1c958603a3a21901c933dd47dffacb85d21d04a93f11ad564e52ccfa82de9ed
2025,2024,39,Africa,Southern Africa,ZWE,Zimbabwe,5.55,73,1,5.2,83,1,5.9,65,1,3.04,167,0,5.5,100,1,5.0,111,1,2.5,120,1,4.5,106,1,5.0,100,1,6.5,24,1,5.0,63,1,7.0,23,1,8.5,13,1,4.5,54,1,3.0,137,1,4.5,114,1,5.5,79,1,4.5,95,1,6.5,80,1,2.5,123,1,7.5,21,1,8.0,39,1,6.5,49,1,5.0,78,1,2.5,162,1,3.0,135,1,3.5,168,1,3.5,159,1,2.0,168,1,2.5,168,1,4.0,124,1,4.0,122,1,2.5,164,1,2.0,161,1,4.0,108,1,3.0,138,1,official_open_data_snapshot_derived_ranks,6f277b0d20fd63711f45cbac443912cda9626ce2927d1185080f9899c3df3aae
2025,2024,40,Africa,West Africa,BEN,Benin,5.15,93,0,5.2,83,1,5.1,107,1,3.75,143,1,6.0,85,1,4.5,119,1,4.5,72,1,6.0,66,1,6.5,43,1,5.0,81,1,6.0,48,1,5.0,81,1,5.5,74,1,2.5,118,1,6.5,47,1,5.0,100,1,6.0,65,1,3.0,134,1,6.0,107,1,1.0,146,1,6.0,74,1,6.0,107,1,8.0,8,1,4.5,108,1,4.0,114,1,4.0,94,1,4.5,150,1,3.0,170,1,3.0,127,1,4.0,122,1,3.0,156,1,4.5,98,1,4.0,111,1,3.5,116,1,3.0,149,1,4.5,87,1,official_open_data_snapshot_derived_ranks,04d6158d203bb75636c91449e015ee1399826db4043ce17bbfccd64ccf8a1b36
2025,2024,41,Africa,West Africa,BFA,Burkina Faso,6.03,50,1,5.77,52,1,6.3,47,1,2.88,170,0,7.0,56,1,4.0,132,1,7.0,22,1,8.0,26,1,6.0,55,1,6.5,24,1,5.5,55,1,6.5,40,1,8.5,13,1,3.5,91,1,4.0,111,1,4.5,114,1,5.5,79,1,4.5,95,1,5.5,131,1,5.0,63,1,7.0,34,1,7.0,81,1,6.5,49,1,6.0,50,1,2.0,170,1,3.5,117,1,3.5,168,1,5.5,92,1,2.5,157,1,3.0,154,1,2.0,177,1,3.5,143,1,2.5,164,1,2.0,161,1,2.0,171,1,2.5,157,1,official_open_data_snapshot_derived_ranks,d5b526d48c7c16bfbaf5abd303706c6b4d20e439094453ecf86eea4ec14caa30
2025,2024,42,Africa,West Africa,CPV,Cabo Verde,4.08,149,1,3.57,161,0,4.6,126,1,6.54,30,0,4.5,150,1,2.5,163,1,1.5,150,1,3.0,148,1,4.0,133,1,4.5,100,1,1.5,154,1,4.0,116,1,1.5,162,1,2.5,118,1,7.0,39,1,5.5,76,1,4.0,126,1,3.5,126,1,4.0,167,1,3.0,111,1,5.0,120,1,4.0,140,1,6.5,49,1,4.5,108,1,7.0,19,1,7.0,18,1,8.0,25,1,7.0,28,1,7.5,16,1,6.0,44,1,7.0,24,1,5.5,47,1,6.0,36,1,4.0,84,1,6.5,22,1,7.0,25,1,official_open_data_snapshot_derived_ranks,d0568bd37d2d2d6c1216dc274708f41f2afae7880f792d765fc07c3c1fcbe36a
2025,2024,43,Africa,West Africa,CIV,Côte d'Ivoire,5.78,65,1,5.67,54,1,5.9,65,1,5.13,79,1,6.5,71,1,5.5,88,1,5.0,60,1,6.5,53,1,6.5,43,1,4.0,115,1,6.5,39,1,6.5,40,1,6.5,61,1,2.0,140,1,6.0,61,1,6.5,30,1,6.0,65,1,4.5,95,1,6.5,80,1,3.5,98,1,6.5,57,1,7.0,81,1,7.5,17,1,5.0,78,1,5.0,69,1,4.5,75,1,6.0,85,1,6.0,69,1,5.0,59,1,5.5,56,1,5.0,90,1,4.5,98,1,5.0,67,1,4.5,68,1,5.5,52,1,5.0,67,1,official_open_data_snapshot_derived_ranks,bdcf900e6e7bca1257e057a1415f2d42e0fc4fcbd8d82e68de46f136db6da1d2
2025,2024,44,Africa,West Africa,GMB,The Gambia,4.58,126,0,4.47,127,1,4.7,122,1,5.13,79,1,6.0,85,1,5.0,111,1,2.0,129,1,2.5,161,1,6.5,43,1,3.0,157,1,5.5,55,1,4.0,116,1,3.0,127,1,2.5,118,1,7.5,24,1,6.5,30,1,5.0,97,1,2.0,163,1,6.0,107,1,1.0,146,1,6.5,57,1,7.0,81,1,5.0,120,1,4.0,123,1,5.0,69,1,5.0,59,1,5.5,105,1,5.5,92,1,4.5,79,1,5.0,75,1,6.5,34,1,5.0,75,1,5.0,67,1,3.5,116,1,4.5,90,1,6.5,36,1,official_open_data_snapshot_derived_ranks,32a0e0d0cdbf9cf0a5fa7051a64d5ee68e5755aad6e787e05e42b05a9abc1063
2025,2024,45,Africa,West Africa,GHA,Ghana,5.77,68,0,6.03,47,0,5.5,84,1,5.33,66,1,6.5,71,1,5.5,88,1,3.5,95,1,6.5,53,1,5.5,80,1,5.0,81,1,7.0,26,1,6.5,40,1,8.0,21,1,5.5,42,1,6.5,47,1,6.5,30,1,6.5,50,1,5.0,79,1,6.5,80,1,2.0,129,1,7.0,34,1,7.5,62,1,6.0,76,1,5.0,78,1,5.0,69,1,5.5,42,1,6.5,63,1,5.5,92,1,5.0,59,1,4.5,102,1,6.0,46,1,6.0,31,1,5.5,50,1,4.0,84,1,4.0,108,1,6.5,36,1,official_open_data_snapshot_derived_ranks,9fc6d801963d0ab2f46a2ed193a43535ae09104ff096ed93965f7fb1983a36df
2025,2024,46,Africa,West Africa,GIN,Guinea,5.05,98,0,4.9,101,1,5.2,97,1,2.96,168,1,6.5,71,1,4.5,119,1,1.0,168,1,5.5,79,1,7.0,22,1,4.5,100,1,5.0,63,1,6.0,52,1,7.0,43,1,1.0,170,1,7.5,24,1,5.0,100,1,5.5,79,1,2.0,163,1,5.5,131,1,1.0,146,1,6.5,57,1,8.0,39,1,6.5,49,1,4.0,123,1,2.0,170,1,3.0,135,1,3.5,168,1,3.0,170,1,3.0,127,1,3.0,154,1,3.5,142,1,3.0,160,1,3.0,153,1,2.5,152,1,3.0,149,1,3.0,138,1,official_open_data_snapshot_derived_ranks,d7b319a934b1c9e313863e7e76ef8dfae2431f9d4173f02ff89a00352c39f316
2025,2024,47,Africa,West Africa,GNB,Guinea-Bissau,4.88,110,0,4.17,136,1,5.6,78,1,2.67,171,0,5.5,100,1,2.5,163,1,1.0,168,1,4.5,106,1,4.0,133,1,4.0,115,1,7.0,26,1,6.0,52,1,1.5,162,1,3.0,101,1,8.5,7,1,4.0,145,1,3.0,152,1,2.0,163,1,6.0,107,1,1.0,146,1,8.0,7,1,8.5,24,1,6.5,49,1,4.0,123,1,2.0,170,1,2.5,150,1,4.0,158,1,3.0,170,1,3.0,127,1,3.0,154,1,3.5,142,1,3.0,160,1,1.5,184,1,1.5,178,1,2.0,171,1,3.0,138,1,official_open_data_snapshot_derived_ranks,91b9f9efc5d1b7926dccaa35f0d30e8f43ccfd7d904cc06682d1a46f2c53e85b
2025,2024,48,Africa,West Africa,LBR,Liberia,5.65,70,0,5.3,80,0,6.0,60,1,3.38,151,1,6.0,85,1,3.0,156,1,1.0,168,1,5.0,90,1,6.5,43,1,5.0,81,1,7.5,15,1,6.0,52,1,7.0,43,1,3.0,101,1,7.0,39,1,6.0,51,1,5.0,97,1,4.0,111,1,7.5,37,1,3.0,111,1,7.0,34,1,7.5,62,1,6.5,49,1,6.0,50,1,3.5,132,1,3.0,135,1,4.0,158,1,4.0,145,1,3.5,113,1,4.0,122,1,3.5,142,1,3.5,143,1,3.0,153,1,2.0,161,1,2.0,171,1,4.5,87,1,official_open_data_snapshot_derived_ranks,7ea1a5553f0602477311043dc4f6c4e85681351aac28f2f95f4e00a87ba6d151
2025,2024,49,Africa,West Africa,MLI,Mali,6.33,43,1,6.37,32,1,6.3,47,1,2.08,181,1,7.5,38,1,7.0,38,1,8.0,10,1,8.0,26,1,6.5,43,1,7.0,11,1,5.5,55,1,5.0,81,1,8.0,21,1,2.5,118,1,6.0,61,1,7.0,13,1,6.5,50,1,4.0,111,1,7.0,53,1,7.0,25,1,6.5,57,1,8.0,39,1,6.0,76,1,4.0,123,1,2.0,170,1,2.0,160,1,3.0,175,1,2.5,180,1,2.0,168,1,2.0,174,1,1.5,185,1,2.5,170,1,2.0,174,1,1.5,178,1,2.0,171,1,2.0,170,1,official_open_data_snapshot_derived_ranks,11ab99c655742a2022f40a05ff3d27f3ce5b8794e9f3d0e5a3a4305dc8480fe2
2025,2024,50,Africa,West Africa,NER,Niger,5.93,53,1,5.87,50,0,6.0,60,1,2.96,168,1,8.0,17,1,8.0,12,1,6.0,34,1,8.0,26,1,7.0,22,1,6.0,36,1,2.5,117,1,5.0,81,1,7.5,33,1,3.0,101,1,5.5,75,1,6.5,30,1,7.5,24,1,1.0,189,1,6.5,80,1,5.5,48,1,7.0,34,1,8.0,39,1,6.5,49,1,3.0,160,1,3.0,148,1,2.0,160,1,3.5,168,1,4.5,132,1,2.0,168,1,3.5,141,1,3.0,156,1,4.0,122,1,3.5,136,1,2.0,161,1,2.5,165,1,2.0,170,1,official_open_data_snapshot_derived_ranks,33dd39c4b04315dc12811dbc1ea3f3ccbf61191682aac344b79c908328151958
2025,2024,51,Africa,West Africa,NGA,Nigeria,7.32,8,0,7.33,5,0,7.3,19,1,5.46,56,1,8.0,17,1,6.5,52,1,8.0,10,1,8.0,26,1,8.0,6,1,6.5,24,1,6.0,48,1,7.5,15,1,8.0,21,1,6.0,31,1,7.5,24,1,7.0,13,1,8.5,12,1,6.5,38,1,8.0,13,1,6.5,28,1,8.0,7,1,8.0,39,1,7.0,34,1,7.0,21,1,5.5,50,1,4.5,75,1,7.5,35,1,7.0,28,1,4.5,79,1,5.5,56,1,4.0,124,1,4.5,98,1,6.0,36,1,4.5,68,1,5.5,52,1,6.5,36,1,official_open_data_snapshot_derived_ranks,5251aab5271b8f2614f42f24bfb4a45dbae5a03f7f30ab57d5008c885de8dbc2
2025,2024,52,Africa,West Africa,SEN,Senegal,5.22,87,1,5.33,74,1,5.1,107,1,5.88,39,1,6.0,85,1,6.0,72,1,2.0,129,1,5.5,79,1,7.0,22,1,6.0,36,1,7.0,26,1,6.5,40,1,5.0,85,1,1.0,170,1,7.0,39,1,6.0,51,1,4.0,126,1,5.0,79,1,6.0,107,1,1.0,146,1,6.0,74,1,5.5,119,1,6.5,49,1,6.5,36,1,5.5,50,1,5.5,42,1,7.0,44,1,6.5,47,1,5.0,59,1,6.0,44,1,7.0,24,1,5.5,47,1,5.5,50,1,5.0,52,1,5.0,66,1,7.0,25,1,official_open_data_snapshot_derived_ranks,34183cc5ecce4ccfb9a6da89d3b4f3a08cfe031e3e5890342548980c05e9481e
2025,2024,53,Africa,West Africa,SLE,Sierra Leone,5.42,78,0,4.93,99,1,5.9,65,1,4.04,129,0,5.5,100,1,4.0,132,1,2.0,129,1,3.5,138,1,5.0,100,1,4.0,115,1,6.5,39,1,6.5,40,1,7.0,43,1,2.0,140,1,7.5,24,1,6.0,51,1,7.0,37,1,2.5,150,1,5.0,146,1,3.5,98,1,6.5,57,1,8.0,39,1,7.5,17,1,4.0,123,1,3.5,132,1,3.5,117,1,5.0,130,1,4.0,145,1,3.0,127,1,4.5,102,1,4.0,124,1,4.5,98,1,3.5,136,1,3.5,116,1,4.5,90,1,5.0,67,1,official_open_data_snapshot_derived_ranks,d4dbd37d6d6519ea9a3415fdade7215e1231c75dbbc2843eee1d583282394c8b
2025,2024,54,Africa,West Africa,TGO,Togo,5.22,87,1,4.63,116,0,5.8,71,1,4.42,118,1,5.5,100,1,4.0,132,1,1.0,168,1,4.0,120,1,7.0,22,1,5.5,66,1,4.5,74,1,5.5,70,1,6.0,67,1,2.5,118,1,6.0,61,1,6.0,51,1,5.0,97,1,3.0,134,1,4.0,167,1,1.0,146,1,7.0,34,1,7.5,62,1,7.5,17,1,6.0,50,1,3.5,132,1,4.0,94,1,6.0,85,1,5.5,92,1,4.0,97,1,5.0,75,1,3.0,156,1,3.5,143,1,5.0,67,1,5.0,52,1,5.0,66,1,3.5,122,1,official_open_data_snapshot_derived_ranks,a6b82e1b7ffaa7254c4512109de0c96c8640b224790bbc53119f2a860bdb788a
2025,2024,55,Americas,Caribbean,ATG,Antigua and Barbuda,3.03,173,1,2.57,177,1,3.5,168,1,4.67,102,1,4.0,161,1,3.0,156,1,1.0,168,1,4.0,120,1,1.5,187,1,1.0,187,1,1.0,168,1,3.5,138,1,1.0,174,1,1.5,153,1,6.0,61,1,5.5,76,1,1.5,177,1,1.5,179,1,2.5,186,1,3.0,111,1,3.5,169,1,3.0,159,1,5.5,96,1,2.5,170,1,4.5,88,1,5.0,59,1,6.0,85,1,5.0,116,1,3.0,127,1,4.5,102,1,4.5,108,1,4.0,122,1,5.0,67,1,4.0,84,1,5.0,66,1,5.5,57,1,official_open_data_snapshot_derived_ranks,5cac66103e1f7f6f0aa6e50649c3cd76c6ad63343e37ecb62f3b1b75c30f1672
2025,2024,56,Americas,Caribbean,BHS,The Bahamas,3.88,157,0,3.67,157,1,4.1,147,1,5.58,50,1,5.0,125,1,5.5,88,1,2.5,120,1,5.5,79,1,2.0,175,1,2.0,166,1,1.0,168,1,4.5,101,1,1.0,174,1,4.0,72,1,7.5,24,1,4.5,114,1,3.0,152,1,3.0,134,1,4.0,167,1,4.5,78,1,3.0,175,1,3.0,159,1,6.5,49,1,3.5,146,1,5.5,50,1,5.5,42,1,6.5,63,1,7.0,28,1,4.0,97,1,6.5,34,1,4.5,108,1,5.5,47,1,4.0,111,1,7.0,21,1,6.0,34,1,5.0,67,1,official_open_data_snapshot_derived_ranks,ea87554ed1184f2c2f6badfd6b8780783146e19b53e4ed431d17263335ee2de2
2025,2024,57,Americas,Caribbean,BRB,Barbados,2.9,176,1,2.5,181,0,3.3,172,1,6.13,35,0,4.0,161,1,2.5,163,1,2.0,129,1,4.5,106,1,2.0,175,1,1.0,187,1,1.0,168,1,1.5,181,1,1.0,174,1,1.0,170,1,6.0,61,1,4.5,114,1,1.5,177,1,2.5,150,1,2.5,186,1,5.0,63,1,4.0,158,1,3.0,159,1,3.0,180,1,1.5,181,1,6.0,38,1,7.5,12,1,7.5,35,1,7.0,28,1,4.5,79,1,7.0,25,1,6.5,34,1,5.5,47,1,4.5,87,1,5.5,40,1,6.0,34,1,6.0,49,1,official_open_data_snapshot_derived_ranks,5b73788baca37c25dd12cf0174fec7416b10b2429fbf447b893400b3751e1015
2025,2024,58,Americas,Caribbean,CUB,Cuba,3.35,168,1,3.4,166,1,3.3,172,1,4.96,89,1,6.0,85,1,5.5,88,1,1.0,168,1,1.5,183,1,5.5,80,1,3.0,157,1,2.5,117,1,3.0,160,1,3.0,127,1,1.0,170,1,4.0,111,1,5.0,100,1,3.5,139,1,3.0,134,1,3.5,177,1,3.5,98,1,3.0,175,1,3.5,150,1,2.0,190,1,4.5,108,1,5.5,50,1,2.5,150,1,6.5,63,1,5.5,92,1,3.0,127,1,6.0,44,1,7.0,24,1,5.5,47,1,5.0,67,1,4.0,84,1,6.0,34,1,3.0,138,1,official_open_data_snapshot_derived_ranks,b54bd5f6ae2f3b8a76f595a62b3fe53b020b330d8c996324d92fe69638120f91
2025,2024,59,Americas,Caribbean,DMA,Dominica,2.32,188,0,2.43,183,1,2.2,186,1,5.29,71,1,2.0,184,1,2.5,163,1,1.0,168,1,5.0,90,1,1.0,190,1,1.5,179,1,1.0,168,1,1.5,181,1,1.0,174,1,1.0,170,1,6.0,61,1,5.5,76,1,1.5,177,1,2.0,163,1,4.0,167,1,1.0,146,1,4.0,158,1,2.0,174,1,2.5,187,1,1.5,181,1,4.0,114,1,4.5,75,1,7.0,44,1,5.0,116,1,5.0,59,1,5.5,56,1,6.0,46,1,5.5,47,1,5.0,67,1,5.0,52,1,6.0,34,1,5.0,67,1,official_open_data_snapshot_derived_ranks,97674ab6df1f7b7f3580e648047139452c5611df82008d3a58ad74e247c24e1c
2025,2024,60,Americas,Caribbean,DOM,Dominican Republic,5.17,91,1,5.33,74,1,5.0,111,1,4.92,91,1,6.5,71,1,6.5,52,1,4.0,82,1,4.5,106,1,6.0,55,1,5.0,81,1,5.0,63,1,4.5,101,1,4.5,94,1,6.5,23,1,8.0,16,1,5.5,76,1,4.5,114,1,4.0,111,1,5.0,146,1,5.0,63,1,5.5,105,1,5.5,119,1,4.5,141,1,4.5,108,1,5.0,69,1,3.5,117,1,7.5,35,1,5.0,116,1,3.5,113,1,5.0,75,1,5.5,65,1,5.0,75,1,5.0,67,1,4.0,84,1,5.0,66,1,5.0,67,1,official_open_data_snapshot_derived_ranks,e95319eec888311abfe975282a6e868b48b874a14f8ca0ce056bcdc973dfb5ca
2025,2024,61,Americas,Caribbean,GRD,Grenada,2.72,181,1,2.43,183,1,3.0,179,0,5.17,75,1,2.0,184,1,2.5,163,1,1.0,168,1,3.0,148,1,1.0,190,1,1.0,187,1,1.0,168,1,2.5,170,1,3.5,115,1,1.0,170,1,6.0,61,1,5.5,76,1,1.5,177,1,2.0,163,1,3.0,184,1,1.0,146,1,3.0,175,1,3.5,150,1,4.0,155,1,3.5,146,1,5.5,50,1,5.0,59,1,6.0,85,1,5.5,92,1,4.0,97,1,6.5,34,1,6.0,46,1,5.0,75,1,6.0,36,1,4.0,84,1,4.0,108,1,4.5,87,1,official_open_data_snapshot_derived_ranks,9ccdbc45f3d018e5cac58956d9abbf64a3fde0ddb51e1ef0450b1fce30240a5b
2025,2024,62,Americas,Caribbean,HTI,Haiti,6.53,35,1,6.27,38,1,6.8,33,1,2.21,177,1,8.0,17,1,7.5,24,1,8.0,10,1,8.5,19,1,6.0,55,1,6.0,36,1,7.0,26,1,5.0,81,1,6.5,61,1,2.0,140,1,8.5,7,1,6.5,30,1,3.5,139,1,3.0,134,1,8.0,13,1,9.0,4,1,7.0,34,1,8.5,24,1,4.5,141,1,5.0,78,1,2.0,170,1,1.5,178,1,3.5,168,1,4.0,145,1,2.0,168,1,1.5,186,1,1.5,185,1,2.0,179,1,1.5,184,1,1.5,178,1,2.0,171,1,3.5,122,1,official_open_data_snapshot_derived_ranks,dbc40af12b23ebdf105b144076e7e9ae2aeb0f851604c93dafc8f1ce4b9afcf4
2025,2024,63,Americas,Caribbean,JAM,Jamaica,5.93,53,1,5.07,94,0,6.8,33,1,5.33,66,1,5.0,125,1,3.5,141,1,6.0,34,1,9.0,6,1,6.0,55,1,6.5,24,1,2.5,117,1,2.5,170,1,1.5,162,1,3.0,101,1,6.5,47,1,8.5,4,1,3.5,139,1,5.0,79,1,7.0,53,1,8.0,12,1,8.0,7,1,7.5,62,1,7.0,34,1,3.5,146,1,4.0,114,1,4.0,94,1,7.0,44,1,5.5,92,1,4.0,97,1,5.5,56,1,6.5,34,1,5.0,75,1,4.5,87,1,5.0,52,1,6.5,22,1,6.5,36,1,official_open_data_snapshot_derived_ranks,0b53dd20997ff6d5d3b3eeefc5b6700047f5e31a6f2f2b9f72cf050e56114489
2025,2024,64,Americas,Caribbean,KNA,Saint Kitts and Nevis,3.1,172,0,2.6,175,1,3.6,165,1,5.38,62,1,2.0,184,1,3.0,156,1,1.5,150,1,5.0,90,1,2.0,175,1,1.5,179,1,1.0,168,1,1.0,187,1,1.0,174,1,1.0,170,1,7.0,39,1,6.0,51,1,1.0,187,1,1.5,179,1,4.5,160,1,1.0,146,1,5.0,120,1,5.0,127,1,5.5,96,1,1.5,181,1,6.0,38,1,5.5,42,1,6.0,85,1,6.5,47,1,7.0,21,1,5.0,75,1,6.0,46,1,6.0,31,1,4.0,111,1,3.0,133,1,4.5,90,1,5.0,67,1,official_open_data_snapshot_derived_ranks,06caba7f61e217413c97c9c5bfb2418662703043dd332c0893b93283e37fe08a
2025,2024,65,Americas,Caribbean,LCA,Saint Lucia,3.35,168,1,2.6,175,1,4.1,147,1,5.54,52,1,4.0,161,1,1.5,179,1,1.0,168,1,5.0,90,1,2.0,175,1,1.5,179,1,1.0,168,1,1.0,187,1,1.0,174,1,1.0,170,1,7.5,24,1,7.0,13,1,1.0,187,1,2.0,163,1,2.5,186,1,5.5,48,1,4.5,143,1,3.0,159,1,6.0,76,1,1.5,181,1,7.0,19,1,5.5,42,1,6.0,85,1,6.5,47,1,6.0,37,1,4.5,102,1,5.5,65,1,4.5,98,1,5.5,50,1,5.5,40,1,6.0,34,1,4.0,105,1,official_open_data_snapshot_derived_ranks,d9d1eadd58bc40fd1d88140412ba070dc79600cb5a50811e82d9a00ad38488bc
2025,2024,66,Americas,Caribbean,VCT,Saint Vincent and the Grenadines,2.87,178,0,2.53,179,1,3.2,174,1,5.42,60,1,2.5,183,0,1.0,187,1,1.0,168,1,4.0,120,1,2.0,175,1,2.0,166,1,1.0,168,1,1.0,187,1,1.0,174,1,1.0,170,1,7.5,24,1,7.5,7,1,1.0,187,1,3.0,134,1,2.5,186,1,1.5,140,1,5.0,120,1,2.0,174,1,5.5,96,1,2.0,174,1,6.0,38,1,6.0,34,1,6.0,85,1,6.5,47,1,6.0,37,1,4.5,102,1,5.5,65,1,5.5,47,1,4.5,87,1,3.0,133,1,5.5,52,1,6.0,49,1,official_open_data_snapshot_derived_ranks,fbcc131dda536e227f2fe6871b8e384eddf59527b6cc634751dbeed84452723d
2025,2024,67,Americas,Caribbean,TTO,Trinidad and Tobago,5.22,87,1,4.93,99,1,5.5,84,1,5.08,83,1,6.5,71,1,4.5,119,1,5.5,48,1,7.0,42,1,4.5,117,1,5.0,81,1,1.0,168,1,3.0,160,1,2.5,143,1,2.5,118,1,8.0,16,1,7.0,13,1,4.0,126,1,6.5,38,1,6.5,80,1,6.0,36,1,6.0,74,1,5.0,127,1,6.5,49,1,4.0,123,1,4.5,88,1,5.0,59,1,6.5,63,1,7.0,28,1,3.5,113,1,4.0,122,1,4.5,108,1,5.0,75,1,4.0,111,1,5.5,40,1,5.0,66,1,6.5,36,1,official_open_data_snapshot_derived_ranks,9d8cbf07becf0f40ed086ac56d5ae56594c0a848886809a99d2f4a3fd4f6f3ce
2025,2024,68,Americas,Central America,BLZ,Belize,4.97,103,1,4.53,119,1,5.4,88,1,3.58,147,0,5.5,100,1,6.5,52,1,3.0,102,1,5.0,90,1,3.5,147,1,4.0,115,1,5.5,55,1,6.0,52,1,4.0,101,1,2.5,118,1,5.5,75,1,5.0,100,1,3.5,139,1,3.5,126,1,5.0,146,1,6.5,28,1,3.5,169,1,5.5,119,1,6.0,76,1,5.5,68,1,6.0,38,1,2.5,150,1,4.5,150,1,3.5,159,1,4.0,97,1,4.0,122,1,2.0,177,1,2.5,170,1,2.5,164,1,3.5,116,1,4.0,108,1,4.0,105,1,official_open_data_snapshot_derived_ranks,3ac442a157e7e1f28e0ca1cb7610b7e1e59c38f496eea190ed83a39c3e05ff71
2025,2024,69,Americas,Central America,CRI,Costa Rica,5.9,58,1,5.6,59,1,6.2,50,1,5.63,47,1,5.5,100,1,6.5,52,1,6.0,34,1,5.0,90,1,6.0,55,1,6.0,36,1,5.0,63,1,6.0,52,1,7.0,43,1,1.0,170,1,8.0,16,1,4.5,114,1,4.0,126,1,7.5,15,1,6.0,107,1,8.0,12,1,6.0,74,1,3.5,150,1,7.5,17,1,6.0,50,1,6.5,29,1,6.0,34,1,6.5,63,1,6.5,47,1,6.0,37,1,5.0,75,1,5.0,90,1,4.5,98,1,5.0,67,1,5.0,52,1,5.0,66,1,6.5,36,1,official_open_data_snapshot_derived_ranks,2f5eea9ebcb06f16305969b3496ad35ccab2083f4511cd215e96eb0cee23f64a
2025,2024,70,Americas,Central America,SLV,El Salvador,5.45,77,0,5.1,93,0,5.8,71,1,3.25,155,1,7.5,38,1,7.0,38,1,5.0,60,1,6.5,53,1,5.5,80,1,5.0,81,1,3.0,105,1,5.0,81,1,1.5,162,1,1.5,153,1,7.5,24,1,6.0,51,1,2.5,164,1,6.5,38,1,6.5,80,1,6.0,36,1,6.0,74,1,7.5,62,1,5.0,120,1,4.5,108,1,3.0,148,1,2.0,160,1,4.5,150,1,3.5,159,1,2.0,168,1,3.0,154,1,5.5,65,1,3.5,143,1,2.5,164,1,3.5,116,1,4.0,108,1,2.0,170,1,official_open_data_snapshot_derived_ranks,e9dba041586080a085d360fab994768705c9508020c324a4b591d5a7fb6909b0
2025,2024,71,Americas,Central America,GTM,Guatemala,6.77,25,0,6.23,41,0,7.3,19,1,4.0,130,0,7.5,38,1,7.5,24,1,8.5,6,1,7.0,42,1,6.0,55,1,5.5,66,1,4.5,74,1,4.0,116,1,3.0,127,1,7.0,17,1,8.5,7,1,6.0,51,1,6.5,50,1,5.0,79,1,7.0,53,1,8.0,12,1,6.0,74,1,8.0,39,1,8.0,8,1,6.5,36,1,3.0,148,1,3.5,117,1,5.5,105,1,4.5,132,1,3.5,113,1,5.5,56,1,3.0,156,1,4.0,122,1,4.0,111,1,4.0,84,1,4.0,108,1,3.5,122,1,official_open_data_snapshot_derived_ranks,577884d62e067b9123aa01a03cc5ba8d2ae21cf1cd57e0c5e15d3a41560d4594
2025,2024,72,Americas,Central America,HND,Honduras,7.1,13,0,6.1,45,0,8.1,5,1,3.92,135,1,7.5,38,1,7.0,38,1,9.0,2,1,7.0,42,1,3.5,147,1,4.5,100,1,7.0,26,1,6.5,40,1,5.0,85,1,1.5,153,1,8.5,7,1,7.0,13,1,3.5,139,1,6.5,38,1,7.5,37,1,8.5,10,1,7.5,21,1,8.5,24,1,8.0,8,1,8.0,2,1,2.5,162,1,3.5,117,1,6.0,85,1,4.5,132,1,3.0,127,1,5.0,75,1,4.0,124,1,4.0,122,1,3.5,136,1,3.0,133,1,4.5,90,1,3.5,122,1,official_open_data_snapshot_derived_ranks,9c4bb7134b0254b6f5821e55ff388054541d0c94a5a6ca9e4a03471cb9335232
2025,2024,73,Americas,Central America,MEX,Mexico,7.68,3,0,8.27,1,0,7.1,24,1,4.5,111,1,8.0,17,1,9.0,2,1,9.0,2,1,9.0,6,1,8.5,3,1,7.5,5,1,7.5,15,1,7.5,15,1,8.0,21,1,7.5,14,1,9.0,2,1,8.0,6,0,9.0,4,1,8.0,7,1,8.5,6,1,9.0,4,1,8.5,3,1,7.5,62,1,4.0,155,1,6.5,36,1,3.5,132,1,4.0,94,1,7.0,44,1,5.5,92,1,4.0,97,1,5.0,75,1,3.0,156,1,4.5,98,1,5.0,67,1,3.5,116,1,4.0,108,1,5.0,67,1,official_open_data_snapshot_derived_ranks,6bb8b59a3effe8c011d59f7cd84e2540e0fdf56d0e924c36ec168689b6ff263a
2025,2024,74,Americas,Central America,NIC,Nicaragua,5.73,69,0,5.27,81,0,6.2,50,1,2.0,185,1,7.5,38,1,7.0,38,1,2.0,129,1,6.0,66,1,5.0,100,1,6.0,36,1,6.5,39,1,6.0,52,1,7.0,43,1,1.5,153,1,8.0,16,1,6.0,51,1,3.0,152,1,3.5,126,1,4.0,167,1,4.0,86,1,6.5,57,1,9.0,7,1,7.0,34,1,4.5,108,1,1.5,184,1,1.0,189,1,2.0,187,1,3.0,170,1,1.5,183,1,2.0,174,1,2.5,173,1,2.5,170,1,2.0,174,1,2.0,161,1,3.0,149,1,1.0,190,1,official_open_data_snapshot_derived_ranks,b7dc445aaeca2d658f067c1fdc1612594b8ff0c8b613578d0858d558ed983ace
2025,2024,75,Americas,Central America,PAN,Panama,6.93,21,0,6.57,23,1,7.3,19,1,4.71,100,1,7.0,56,1,7.5,24,1,6.5,28,1,7.0,42,1,7.0,22,1,7.5,5,1,6.0,48,1,7.0,23,1,7.0,43,1,4.5,54,1,8.5,7,1,4.5,114,1,4.0,126,1,7.0,23,1,7.5,37,1,7.5,20,1,7.0,34,1,7.5,62,1,6.5,49,1,8.0,2,1,4.0,114,1,4.0,94,1,6.0,85,1,6.0,69,1,3.0,127,1,4.5,102,1,5.5,65,1,3.5,143,1,5.5,50,1,4.0,84,1,4.5,90,1,6.0,49,1,official_open_data_snapshot_derived_ranks,d9031d4e65c59a31f66cbaba76bfa154e0c6db82b0210d945adc826658dbe3be
2025,2024,76,Americas,North America,CAN,Canada,4.17,144,1,4.13,140,1,4.2,142,1,7.38,21,1,4.0,161,1,5.0,111,1,3.0,102,1,4.0,120,1,4.5,117,1,4.0,115,1,2.0,132,1,3.5,138,1,1.5,162,1,4.0,72,1,5.0,89,1,3.0,173,1,6.5,50,1,7.0,23,1,5.0,146,1,5.0,63,1,5.0,120,1,2.0,174,1,4.5,141,1,4.5,108,1,7.5,11,1,7.0,18,1,8.5,11,1,8.0,10,1,7.0,21,1,7.5,13,1,6.5,34,1,6.0,31,1,7.5,13,1,8.5,2,1,6.5,22,1,8.0,5,1,official_open_data_snapshot_derived_ranks,c4abb9ae962f49c653c49892170c312e81975fadb9d20a87e19691816cdaf0d7
2025,2024,77,Americas,North America,USA,United States,5.87,60,1,6.13,43,1,5.6,78,1,6.96,27,0,6.5,71,1,6.5,52,1,3.5,95,1,7.5,37,1,6.5,43,1,5.5,66,1,2.5,117,1,5.5,70,1,5.0,85,1,6.5,23,1,7.0,39,1,4.5,114,1,9.0,4,1,8.0,7,1,8.0,13,1,5.5,48,1,6.0,74,1,4.5,131,1,6.0,76,1,6.0,50,1,6.0,38,1,6.5,25,1,8.5,11,1,6.5,47,1,6.0,37,1,8.0,7,1,6.0,46,1,6.0,31,1,7.5,13,1,7.5,11,1,7.0,19,1,8.0,5,1,official_open_data_snapshot_derived_ranks,41376951f54b6d517dd6984953cfc2867000420edd215fcc23cb123513658e72
2025,2024,78,Americas,South America,ARG,Argentina,5.25,85,1,5.0,96,0,5.5,84,1,5.67,44,1,5.0,125,1,3.5,141,1,5.0,60,1,4.0,120,1,7.0,22,1,7.0,11,1,4.0,82,1,5.0,81,1,3.0,127,1,2.0,140,1,7.5,24,1,7.5,7,1,4.0,126,1,6.0,50,1,4.5,160,1,5.0,63,1,6.0,74,1,6.0,107,1,5.5,96,1,5.0,78,1,6.0,38,1,4.5,75,1,6.0,85,1,6.5,47,1,5.0,59,1,5.5,56,1,5.5,65,1,6.0,31,1,5.5,50,1,5.5,40,1,5.0,66,1,7.0,25,1,official_open_data_snapshot_derived_ranks,3d74b9f61f815f24f1b542f366b81f6671118d150038cd22896c72dda61a744e
2025,2024,79,Americas,South America,BOL,Bolivia,5.12,94,0,5.03,95,0,5.2,97,1,4.63,107,1,5.5,100,1,4.0,132,1,3.0,102,1,5.0,90,1,5.0,100,1,7.0,11,1,7.5,15,1,6.0,52,1,8.0,21,1,1.0,170,1,8.5,7,1,3.0,173,1,2.5,164,1,4.5,95,1,5.0,146,1,4.0,86,1,5.0,120,1,6.5,97,1,5.5,96,1,5.0,78,1,4.5,88,1,4.0,94,1,5.0,130,1,6.0,69,1,3.0,127,1,4.5,102,1,4.5,108,1,4.5,98,1,4.0,111,1,5.0,52,1,5.5,52,1,5.0,67,1,official_open_data_snapshot_derived_ranks,dd7c105a43ea7e77dfec4482612b2f0417950d56ca9df4b3648e8c345c7abc75
2025,2024,80,Americas,South America,BRA,Brazil,7.07,14,0,7.23,7,0,6.9,28,1,5.04,86,0,6.5,71,1,6.0,72,1,7.5,16,1,8.5,19,1,7.5,10,1,6.0,36,1,8.5,2,1,8.5,3,1,8.5,13,1,2.5,118,1,9.0,2,1,8.5,4,1,5.0,97,1,8.0,7,1,8.0,13,1,8.0,12,1,7.0,34,1,8.5,24,1,4.0,155,1,7.0,21,1,4.0,114,1,4.5,75,1,7.5,35,1,5.0,116,1,3.5,113,1,4.0,122,1,5.0,90,1,6.0,31,1,6.0,36,1,5.0,52,1,4.0,108,1,6.0,49,1,official_open_data_snapshot_derived_ranks,e7ce51b3e1b76822e314a074fc91615a7bdc583fa16e2bd29e5b99f2ea1b3d25
2025,2024,81,Americas,South America,CHL,Chile,5.48,76,0,5.37,71,1,5.6,78,1,6.17,34,0,6.5,71,1,5.5,88,1,5.0,60,1,6.5,53,1,6.0,55,1,5.0,81,1,4.5,74,1,5.5,70,1,3.5,115,1,2.0,140,1,7.5,24,1,7.0,13,1,5.5,79,1,5.5,60,1,5.0,146,1,5.0,63,1,6.0,74,1,5.5,119,1,6.5,49,1,5.0,78,1,6.5,29,1,7.0,18,1,8.0,25,1,6.5,47,1,5.0,59,1,4.5,102,1,4.0,124,1,6.5,20,1,6.5,30,1,6.0,31,1,6.5,22,1,7.0,25,1,official_open_data_snapshot_derived_ranks,ba0b02ab90bdad0a78cfe22e0611d5c1db6277e6e91735d1c4899cf614f4c737
2025,2024,82,Americas,South America,COL,Colombia,7.82,2,0,7.43,3,0,8.2,4,0,5.46,56,1,8.0,17,1,8.0,12,1,9.0,2,1,8.0,26,1,7.0,22,1,6.0,36,1,7.5,15,1,7.0,23,1,9.0,5,1,4.5,54,1,9.5,1,0,7.0,13,1,6.0,65,1,7.0,23,1,8.0,13,1,9.5,1,1,9.5,1,0,7.5,62,1,7.5,17,1,7.0,21,1,5.5,50,1,5.5,42,1,9.0,1,1,6.5,47,1,5.0,59,1,4.5,102,1,4.0,124,1,6.0,31,1,4.5,87,1,4.0,84,1,4.5,90,1,6.5,36,1,official_open_data_snapshot_derived_ranks,e226ac07db721d4a3608bef6a9b1fc29d6cdc289da989c785346cf1a49242de6
2025,2024,83,Americas,South America,ECU,Ecuador,7.48,4,1,7.07,9,0,7.9,8,1,4.46,114,1,6.5,71,1,6.5,52,1,8.5,6,1,8.5,19,1,6.0,55,1,6.5,24,1,7.5,15,1,7.0,23,1,8.0,21,1,6.5,23,1,9.0,2,1,6.0,51,1,5.5,79,1,7.0,23,1,7.0,53,1,8.5,10,1,8.5,3,1,7.5,62,1,8.0,8,1,7.0,21,1,3.5,132,1,4.5,75,1,6.5,63,1,5.0,116,1,3.0,127,1,4.0,122,1,3.5,142,1,5.0,75,1,4.5,87,1,5.0,52,1,4.0,108,1,5.0,67,1,official_open_data_snapshot_derived_ranks,fcd09bd925a2ad2a84630bcf1ba545381a301e76cb51f356d1d99f345e82fa53
2025,2024,84,Americas,South America,GUY,Guyana,5.78,65,1,5.17,87,1,6.4,43,1,4.25,122,1,5.5,100,1,4.5,119,1,7.0,22,1,6.0,66,1,4.0,133,1,4.0,115,1,4.5,74,1,4.0,116,1,9.0,5,1,3.0,101,1,8.5,7,1,3.5,159,1,3.5,139,1,2.5,150,1,8.0,13,1,4.0,86,1,5.0,120,1,8.0,39,1,7.0,34,1,8.0,2,1,4.0,114,1,3.5,117,1,5.5,105,1,3.5,159,1,4.0,97,1,3.5,141,1,4.0,124,1,4.5,98,1,4.5,87,1,5.0,52,1,5.0,66,1,4.0,105,1,official_open_data_snapshot_derived_ranks,d47a1ef0a152f671307b983891fd5bee66e932cc277e1c8c81c6a36ce97c9099
2025,2024,85,Americas,South America,PRY,Paraguay,7.48,4,1,6.67,18,1,8.3,3,0,3.29,154,0,7.5,38,1,5.5,88,1,6.5,28,1,9.0,6,1,9.0,1,1,8.0,3,1,7.0,26,1,6.5,40,1,4.0,101,1,1.0,170,1,8.5,7,1,9.0,1,1,4.5,114,1,6.5,38,1,7.5,37,1,7.5,20,1,8.0,7,1,9.0,7,1,9.0,1,1,8.0,2,1,2.0,170,1,3.0,135,1,6.5,63,1,3.5,159,1,2.5,157,1,2.0,174,1,4.0,124,1,2.5,170,1,3.5,136,1,2.0,161,1,3.5,136,1,4.5,87,1,official_open_data_snapshot_derived_ranks,a1950cb44de5b467380e3ff70bdca7c611ce9f5fe9b51a971b036371de4036d8
2025,2024,86,Americas,South America,PER,Peru,6.62,31,0,6.33,35,1,6.9,28,1,4.46,114,1,7.0,56,1,6.5,52,1,5.5,48,1,7.0,42,1,8.5,3,1,4.5,100,1,7.5,15,1,6.0,52,1,9.0,5,1,4.5,54,1,9.0,2,1,5.5,76,1,3.5,139,1,5.0,79,1,6.0,107,1,7.0,25,1,8.5,3,1,8.0,39,1,6.5,49,1,4.5,108,1,2.5,162,1,5.0,59,1,5.5,105,1,6.0,69,1,6.0,37,1,4.0,122,1,5.0,90,1,4.5,98,1,4.0,111,1,3.5,116,1,3.5,136,1,4.0,105,1,official_open_data_snapshot_derived_ranks,503ac9e44d0e998802c6b299df835a0fd33c4975b1f5cf6d467991beacf27467
2025,2024,87,Americas,South America,SUR,Suriname,4.9,109,0,4.5,122,1,5.3,92,1,3.17,161,0,4.5,150,1,5.0,111,1,2.0,129,1,5.5,79,1,5.0,100,1,4.5,100,1,4.5,74,1,4.0,116,1,9.0,5,1,1.0,170,1,8.5,7,1,2.0,188,1,3.0,152,1,4.0,111,1,5.0,146,1,3.0,111,1,5.0,120,1,8.5,24,1,6.0,76,1,4.0,123,1,3.0,148,1,2.0,160,1,5.0,130,1,3.0,170,1,3.5,113,1,3.0,154,1,2.0,177,1,2.5,170,1,2.0,174,1,3.0,133,1,4.5,90,1,4.5,87,1,official_open_data_snapshot_derived_ranks,9d5e854c3306f0583393d9aa402b7c1dd129fbb9117e2a101831716eb36cace8
2025,2024,88,Americas,South America,URY,Uruguay,3.57,165,0,3.53,162,1,3.6,165,1,7.46,17,0,3.5,175,1,3.0,156,1,3.0,102,1,4.0,120,1,4.0,133,1,4.0,115,1,1.0,168,1,4.5,101,1,1.5,162,1,1.5,153,1,6.5,47,1,4.0,145,1,4.0,126,1,4.5,95,1,4.0,167,1,2.5,123,1,4.5,143,1,3.5,150,1,4.0,155,1,3.5,146,1,7.5,11,1,8.5,3,1,9.0,1,1,7.0,28,1,6.0,37,1,7.5,13,1,7.0,24,1,6.5,20,1,8.0,5,1,7.5,11,1,6.5,22,1,8.5,2,1,official_open_data_snapshot_derived_ranks,c87e7d0e69c80c424dd0aeef9e209bdae972749e167536c928b5ed37ea34aed4
2025,2024,89,Americas,South America,VEN,Venezuela,6.97,20,0,6.43,28,1,7.5,13,1,1.88,188,1,8.0,17,1,7.5,24,1,8.5,6,1,8.0,26,1,6.5,43,1,7.0,11,1,4.0,82,1,5.0,81,1,9.0,5,1,1.5,153,1,9.0,2,1,7.0,13,1,3.0,152,1,4.5,95,1,8.0,13,1,9.5,1,1,5.5,105,1,9.0,7,1,7.5,17,1,6.0,50,1,1.5,184,1,1.5,178,1,2.0,187,1,2.0,186,1,1.5,183,1,1.5,186,1,3.0,156,1,1.5,187,1,1.5,184,1,2.0,161,1,2.0,171,1,2.5,157,1,official_open_data_snapshot_derived_ranks,87f5d34b10844810189a4cc6181c801252bffcbea03e9441e8d874f629f0532a
2025,2024,90,Asia,Central Asia and the Caucasus,ARM,Armenia,3.02,175,0,3.13,170,0,2.9,180,1,5.63,47,1,3.5,175,1,1.5,179,1,1.5,150,1,2.5,161,1,3.5,147,1,3.5,143,1,3.5,93,1,4.0,116,1,3.0,127,1,4.0,72,1,2.0,164,1,3.5,159,1,4.0,126,1,3.5,126,1,3.5,177,1,2.0,129,1,3.0,175,1,3.5,150,1,3.0,180,1,3.0,160,1,6.5,29,1,6.0,34,1,7.0,44,1,6.5,47,1,4.5,79,1,6.5,34,1,3.0,156,1,5.5,47,1,6.0,36,1,5.0,52,1,4.5,90,1,6.5,36,1,official_open_data_snapshot_derived_ranks,d7e200247b30192e41b7d4db3239be4e427992e72ce70688cbaae81bac3b258e
2025,2024,91,Asia,Central Asia and the Caucasus,AZE,Azerbaijan,5.03,99,1,4.27,134,0,5.8,71,1,3.96,131,1,4.5,150,1,3.0,156,1,2.5,120,1,3.0,148,1,5.5,80,1,4.5,100,1,3.5,93,1,4.0,116,1,5.5,74,1,6.5,23,1,2.0,164,1,5.5,76,1,5.5,79,1,3.0,134,1,5.5,131,1,5.0,63,1,5.5,105,1,8.5,24,1,6.0,76,1,4.0,123,1,3.5,132,1,3.0,135,1,5.0,130,1,4.0,145,1,2.5,157,1,4.5,102,1,5.0,90,1,4.0,122,1,4.5,87,1,4.0,84,1,4.0,108,1,3.5,122,1,official_open_data_snapshot_derived_ranks,3c53b6d11972ee2ea3cb214eeb4e7f8d25ee3843d1c4af9129a7d7a2910987e5
2025,2024,92,Asia,Central Asia and the Caucasus,GEO,Georgia,3.87,158,1,3.83,154,0,3.9,154,1,5.0,87,1,4.0,161,1,2.0,173,1,4.0,82,1,3.5,138,1,5.0,100,1,3.0,157,1,4.0,82,1,4.0,116,1,3.0,127,1,4.0,72,1,2.5,151,1,3.5,159,1,4.5,114,1,5.0,79,1,5.5,131,1,3.5,98,1,3.5,169,1,4.0,140,1,3.0,180,1,5.5,68,1,4.0,114,1,4.0,94,1,5.0,130,1,6.5,47,1,3.0,127,1,6.5,34,1,4.5,108,1,4.5,98,1,5.0,67,1,6.5,28,1,5.5,52,1,5.0,67,1,official_open_data_snapshot_derived_ranks,f31b4f013112cfd7235a76ccf19bc158a674aba12c8e199ae64cb9222800f061
2025,2024,93,Asia,Central Asia and the Caucasus,KAZ,Kazakhstan,4.45,131,1,4.5,122,1,4.4,134,1,4.67,102,1,6.0,85,1,4.5,119,1,3.0,102,1,3.0,148,1,4.0,133,1,4.5,100,1,2.0,132,1,5.0,81,1,5.5,74,1,6.0,31,1,2.5,151,1,5.0,100,1,6.5,50,1,4.0,111,1,6.0,107,1,3.0,111,1,5.0,120,1,6.0,107,1,4.0,155,1,4.0,123,1,5.0,69,1,4.0,94,1,5.5,105,1,5.5,92,1,5.0,59,1,4.5,102,1,5.5,65,1,4.5,98,1,4.5,87,1,4.0,84,1,4.5,90,1,3.5,122,1,official_open_data_snapshot_derived_ranks,42a3e76ff2aafa70b0be65e15025752181280e059d36b2f39a25f3628c88c29d
2025,2024,94,Asia,Central Asia and the Caucasus,KGZ,Kyrgyzstan,5.25,85,1,4.9,101,1,5.6,78,1,3.79,141,1,7.0,56,1,5.5,88,1,4.5,72,1,3.5,138,1,5.5,80,1,4.5,100,1,2.5,117,1,4.0,116,1,6.5,61,1,7.0,17,1,2.0,164,1,6.0,51,1,5.5,79,1,3.0,134,1,6.5,80,1,5.5,48,1,5.5,105,1,8.5,24,1,4.5,141,1,4.0,123,1,3.0,148,1,2.0,160,1,4.5,150,1,4.0,145,1,3.0,127,1,3.5,141,1,4.5,108,1,3.5,143,1,4.0,111,1,4.0,84,1,5.0,66,1,4.5,87,1,official_open_data_snapshot_derived_ranks,69d33795f1d4122d9f7b3d0fae8e65ea02aa38716d61efb66f9f9066875353d9
2025,2024,95,Asia,Central Asia and the Caucasus,TJK,Tajikistan,5.37,79,1,4.73,111,1,6.0,60,1,2.54,173,0,7.0,56,1,6.5,52,1,2.0,129,1,4.0,120,1,5.0,100,1,3.5,143,1,2.0,132,1,3.5,138,1,7.0,43,1,8.5,3,1,1.5,178,1,6.0,51,1,6.0,65,1,2.0,163,1,6.5,80,1,6.0,36,1,5.0,120,1,9.0,7,1,5.0,120,1,5.0,78,1,3.0,148,1,2.0,160,1,3.0,175,1,2.0,186,1,2.0,168,1,3.0,154,1,3.0,156,1,3.0,160,1,3.0,153,1,2.0,161,1,2.5,165,1,2.0,170,1,official_open_data_snapshot_derived_ranks,7c9c058d698f7201bfc16c29c9db9f09c818b6faf48eeebaf553898102f4e53e
2025,2024,96,Asia,Central Asia and the Caucasus,TKM,Turkmenistan,4.35,138,0,4.4,130,0,4.3,136,1,2.17,180,0,8.0,17,1,5.5,88,1,4.0,82,1,2.0,171,1,4.5,117,1,5.0,81,1,2.0,132,1,2.5,170,1,7.0,43,1,6.5,23,1,1.5,178,1,4.0,145,1,4.5,114,1,2.5,150,1,6.5,80,1,2.0,129,1,4.5,143,1,9.0,7,1,3.5,174,1,2.5,170,1,2.0,170,1,1.5,178,1,1.5,192,1,2.5,180,1,1.5,183,1,2.0,174,1,4.5,108,1,3.0,160,1,2.0,174,1,2.0,161,1,2.0,171,1,1.5,186,1,official_open_data_snapshot_derived_ranks,e2b854c38012c077f4e62219daa30313dba350fdcea45b8efd297defb78e9c3d
2025,2024,97,Asia,Central Asia and the Caucasus,UZB,Uzbekistan,4.93,108,0,4.57,117,1,5.3,92,1,3.83,140,0,8.0,17,1,6.0,72,1,4.0,82,1,2.5,161,1,4.5,117,1,5.0,81,1,2.0,132,1,3.5,138,1,7.0,43,1,6.0,31,1,1.5,178,1,4.5,114,1,5.0,97,1,3.0,134,1,6.0,107,1,4.0,86,1,5.0,120,1,7.0,81,1,5.0,120,1,5.5,68,1,3.5,132,1,3.5,117,1,4.0,158,1,4.0,145,1,3.0,127,1,3.5,141,1,4.5,108,1,4.0,122,1,4.5,87,1,4.0,84,1,4.5,90,1,3.0,138,1,official_open_data_snapshot_derived_ranks,576202718cea6f7d25b2f5645664eb7ea7da374d67e99eab1913f7d69718b548
2025,2024,98,Asia,Eastern Asia,CHN,China,6.32,45,1,6.63,20,0,6.0,60,1,5.54,52,1,7.5,38,1,6.5,52,1,4.5,72,1,3.0,148,1,9.0,1,1,6.5,24,1,8.5,2,1,9.0,1,1,7.0,43,1,6.0,31,1,3.5,126,1,4.5,114,1,8.0,17,1,8.5,4,1,7.5,37,1,6.5,28,1,7.5,21,1,7.0,81,1,2.0,190,1,7.0,21,1,6.0,38,1,4.0,94,1,6.5,63,1,7.0,28,1,5.0,59,1,6.0,44,1,7.0,24,1,6.5,20,1,7.0,22,1,4.0,84,1,5.5,52,1,2.0,170,1,official_open_data_snapshot_derived_ranks,f0f3e17b0861c538fd9cfbae44718cf71bd691cd5b00987165e2bf550d4bd5e9
2025,2024,99,Asia,Eastern Asia,JPN,Japan,4.25,141,1,3.9,150,1,4.6,126,1,7.5,15,1,5.0,125,1,4.0,132,1,4.5,72,1,2.0,171,1,3.0,160,1,2.0,166,1,4.0,82,1,6.0,52,1,3.0,127,1,1.5,153,1,3.0,137,1,4.5,114,1,5.0,97,1,4.5,95,1,6.5,80,1,5.5,48,1,6.0,74,1,2.0,174,1,4.5,141,1,5.0,78,1,7.0,19,1,8.0,5,1,9.0,1,1,7.5,19,1,8.0,4,1,7.5,13,1,8.5,3,1,7.5,7,1,8.0,5,1,5.5,40,1,6.0,34,1,7.5,17,1,official_open_data_snapshot_derived_ranks,771d72c8fa055eeed65e53940c9fb08493e629bdfd8f37ca1c02565efcbcb749
2025,2024,100,Asia,Eastern Asia,PRK,North Korea,4.68,121,1,5.47,64,1,3.9,154,1,1.63,191,0,9.0,1,1,6.0,72,1,1.5,150,1,9.5,1,1,7.5,10,1,4.0,115,1,2.0,132,1,3.0,160,1,7.5,33,1,4.0,72,1,1.5,178,1,2.0,188,1,7.5,24,1,9.0,1,1,8.0,13,1,1.0,146,1,3.0,175,1,10.0,1,1,4.5,141,1,1.0,190,1,1.0,191,1,1.0,189,1,2.0,187,1,2.0,186,1,1.0,193,0,1.5,186,1,6.0,46,1,1.0,192,1,1.0,192,1,1.0,188,1,1.0,190,1,1.0,190,1,official_open_data_snapshot_derived_ranks,cb71bd7e439b2a210bb608c087148a27974de8b35ffea4e3c181a11eb6daa64c
2025,2024,101,Asia,Eastern Asia,KOR,South Korea,4.42,134,1,3.63,159,0,5.2,97,1,8.0,6,1,5.5,100,1,3.5,141,1,1.5,150,1,2.0,171,1,4.0,133,1,3.5,143,1,3.5,93,1,4.5,101,1,2.0,148,1,3.0,101,1,3.5,126,1,3.5,159,1,5.5,79,1,4.5,95,1,4.5,160,1,5.5,48,1,5.0,120,1,4.0,140,1,6.5,49,1,5.0,78,1,8.5,3,1,7.5,12,1,8.5,11,1,9.0,1,1,8.5,2,1,8.0,7,1,8.0,11,1,8.0,1,1,7.0,22,1,7.0,21,1,8.0,6,1,8.0,5,1,official_open_data_snapshot_derived_ranks,088f227ffe422eaf4a811c2b419b35051ea09e8cc725743a703e8ebf357bcb1e
2025,2024,102,Asia,Eastern Asia,MNG,Mongolia,4.03,153,0,3.87,152,1,4.2,142,1,5.29,71,1,5.0,125,1,3.0,156,1,2.5,120,1,3.0,148,1,4.5,117,1,2.0,166,1,5.5,55,1,4.5,101,1,6.0,67,1,1.5,153,1,1.0,191,1,3.0,173,1,5.5,79,1,6.0,50,1,5.0,146,1,1.0,146,1,4.5,143,1,5.5,119,1,5.0,120,1,5.0,78,1,5.5,50,1,5.5,42,1,6.5,63,1,6.5,47,1,4.5,79,1,5.0,75,1,5.5,65,1,5.0,75,1,4.0,111,1,4.5,68,1,6.0,34,1,5.0,67,1,official_open_data_snapshot_derived_ranks,c862ebde6d4d4753ebf242f1e983434fefca15beb3b4ecf5b21361932b20c663
2025,2024,103,Asia,South-Eastern Asia,BRN,Brunei,2.9,176,1,3.2,169,0,2.6,184,0,4.63,107,1,5.0,125,1,4.0,132,1,2.0,129,1,2.0,171,1,3.0,160,1,4.0,115,1,3.0,105,1,4.0,116,1,2.0,148,1,1.5,153,1,1.0,191,1,3.5,159,1,4.5,114,1,4.0,111,1,4.5,160,1,1.0,146,1,2.0,186,1,3.0,159,1,4.0,155,1,3.0,160,1,4.5,88,1,3.5,117,1,5.0,130,1,4.5,132,1,4.0,97,1,5.5,56,1,5.5,65,1,5.5,47,1,6.0,36,1,3.0,133,1,5.0,66,1,3.5,122,1,official_open_data_snapshot_derived_ranks,bfe3d95ab0fa69cc90e55208c097f0d16a11bbac9208e3a440b2ca515efa0b1a
2025,2024,104,Asia,South-Eastern Asia,KHM,Cambodia,7.02,17,1,6.73,16,0,7.3,19,1,3.46,149,0,8.5,6,1,7.0,38,1,6.0,34,1,6.0,66,1,8.0,6,1,6.0,36,1,8.0,8,1,8.5,3,1,7.5,33,1,4.5,54,1,2.0,164,1,4.5,114,1,8.5,12,1,7.5,15,1,8.5,6,1,5.0,63,1,7.5,21,1,9.0,7,1,8.0,8,1,7.0,21,1,3.5,132,1,3.5,117,1,5.0,130,1,4.0,145,1,3.0,127,1,2.5,168,1,4.0,124,1,4.0,122,1,4.0,111,1,3.0,133,1,3.0,149,1,2.0,170,1,official_open_data_snapshot_derived_ranks,af30997efd150de7f69e38133a5f49c92ef7cccd9bceb1bf20fc3c09af67c1a8
2025,2024,105,Asia,South-Eastern Asia,IDN,Indonesia,6.85,24,0,6.6,21,1,7.1,24,1,4.29,121,0,7.5,38,1,6.5,52,1,6.0,34,1,4.5,106,1,7.5,10,1,6.5,24,1,8.0,8,1,8.0,8,1,8.0,21,1,3.5,91,1,4.0,111,1,6.5,30,1,7.0,37,1,7.5,15,1,8.0,13,1,6.0,36,1,7.5,21,1,8.0,39,1,6.0,76,1,8.0,2,1,4.0,114,1,3.0,135,1,6.0,85,1,5.0,116,1,3.5,113,1,4.0,122,1,4.0,124,1,5.0,75,1,4.5,87,1,4.5,68,1,4.0,108,1,4.0,105,1,official_open_data_snapshot_derived_ranks,768f4a2a3f5d9c50e8f602f93bb4f6a1792f329b0f2fddacf7f658ac176b0b61
2025,2024,106,Asia,South-Eastern Asia,LAO,Laos,6.37,39,1,6.33,35,1,6.4,43,1,3.38,151,1,8.0,17,1,6.5,52,1,4.5,72,1,5.5,79,1,7.5,10,1,7.0,11,1,8.0,8,1,8.5,3,1,3.5,115,1,7.5,14,1,1.5,178,1,4.5,114,1,9.0,4,1,5.5,60,1,8.0,13,1,2.5,123,1,7.0,34,1,7.5,62,1,8.0,8,1,7.0,21,1,3.5,132,1,2.5,150,1,4.0,158,1,4.0,145,1,3.0,127,1,4.0,122,1,2.5,173,1,3.0,160,1,3.5,136,1,4.0,84,1,3.5,136,1,3.0,138,1,official_open_data_snapshot_derived_ranks,c4f945b667834127d00a981263e15d2f74d3759f028ae944704bc5b8b9fd48e9
2025,2024,107,Asia,South-Eastern Asia,MYS,Malaysia,6.53,35,1,6.57,23,1,6.5,40,1,5.71,43,0,7.5,38,1,7.5,24,1,5.0,60,1,5.0,90,1,7.5,10,1,7.0,11,1,6.5,39,1,8.0,8,1,5.5,74,1,7.0,17,1,3.5,126,1,5.0,100,1,7.5,24,1,8.0,7,1,8.0,13,1,5.5,48,1,6.0,74,1,7.0,81,1,7.0,34,1,7.0,21,1,4.5,88,1,5.5,42,1,7.0,44,1,7.5,19,1,5.0,59,1,5.5,56,1,5.5,65,1,6.0,31,1,6.5,30,1,5.0,52,1,6.0,34,1,4.5,87,1,official_open_data_snapshot_derived_ranks,dd13d59ae7b666e9c4c2e2558cf4dba3440386c171fabdebd78ef28ed83ea6c1
2025,2024,108,Asia,South-Eastern Asia,MMR,Myanmar,8.08,1,0,7.67,2,0,8.5,2,0,1.46,193,0,9.0,1,1,8.0,12,1,8.0,10,1,9.0,6,1,6.0,55,1,7.5,5,1,8.5,2,1,8.5,3,1,9.0,5,1,9.5,1,0,1.5,178,1,4.5,114,1,10.0,1,0,7.5,15,1,8.5,6,1,9.0,4,1,8.0,7,1,9.0,7,1,9.0,1,1,7.5,11,1,1.0,191,1,1.5,178,1,2.0,187,1,2.0,186,1,1.5,183,1,1.5,186,1,1.5,185,1,1.5,187,1,1.0,192,1,1.0,188,1,1.0,190,1,2.0,170,1,official_open_data_snapshot_derived_ranks,8432526a3e41d0e9fcc7f63a30a92aa350123685675c08250ef8eaa92499562a
2025,2024,109,Asia,South-Eastern Asia,PHL,Philippines,6.57,33,0,6.43,28,1,6.7,36,1,4.46,114,1,7.5,38,1,5.5,88,1,5.0,60,1,7.0,42,1,7.0,22,1,6.0,36,1,7.0,26,1,7.5,15,1,7.0,43,1,4.0,72,1,4.0,111,1,4.5,114,1,9.0,4,1,7.5,15,1,8.0,13,1,8.0,12,1,6.5,57,1,8.0,39,1,7.5,17,1,3.5,146,1,3.5,132,1,3.0,135,1,5.5,105,1,5.5,92,1,4.5,79,1,3.0,154,1,4.0,124,1,5.5,47,1,5.5,50,1,4.0,84,1,4.5,90,1,5.0,67,1,official_open_data_snapshot_derived_ranks,84ca6a100170ff4315c09aa490c286004b646cd88727d7401f2359795bd5cc61
2025,2024,110,Asia,South-Eastern Asia,SGP,Singapore,3.72,163,0,4.03,146,0,3.4,171,0,7.79,10,0,5.5,100,1,3.5,141,1,1.5,150,1,2.5,161,1,5.5,80,1,3.0,157,1,2.5,117,1,4.5,101,1,3.5,115,1,4.5,54,1,2.0,164,1,3.5,159,1,5.5,79,1,7.0,23,1,6.0,107,1,2.5,123,1,5.0,120,1,1.5,183,1,4.5,141,1,3.5,146,1,7.5,11,1,7.5,12,1,9.0,1,1,8.5,3,1,8.5,2,1,9.0,1,1,8.0,11,1,7.5,7,1,8.0,5,1,7.0,21,1,9.0,1,0,4.0,105,1,official_open_data_snapshot_derived_ranks,d4c7d6b07dd49f5988996c1c59cae0447b675d9df772e790c43b90c302976fe0
2025,2024,111,Asia,South-Eastern Asia,THA,Thailand,6.37,39,1,6.83,14,0,5.9,65,1,4.96,89,1,7.5,38,1,7.5,24,1,6.0,34,1,6.5,53,1,7.5,10,1,7.0,11,1,6.5,39,1,8.0,8,1,5.5,74,1,8.5,3,1,4.0,111,1,4.5,114,1,9.0,4,1,6.5,38,1,8.0,13,1,2.0,129,1,6.0,74,1,7.0,81,1,7.5,17,1,7.0,21,1,5.5,50,1,4.5,75,1,6.5,63,1,6.0,69,1,4.0,97,1,5.5,56,1,4.0,124,1,5.5,47,1,5.0,67,1,4.5,68,1,5.0,66,1,3.5,122,1,official_open_data_snapshot_derived_ranks,9e2be2ecb45d4a101d877b8eaa0aea2214272b1cd6fe71d888f8a91ca4ca2dbd
2025,2024,112,Asia,South-Eastern Asia,TLS,Timor-Leste,3.98,155,0,3.47,165,0,4.5,131,1,3.88,137,1,5.0,125,1,5.5,88,1,4.0,82,1,4.0,120,1,2.5,168,1,5.0,81,1,2.0,132,1,5.0,81,1,2.0,148,1,1.5,153,1,1.5,178,1,2.0,188,1,4.0,126,1,2.5,150,1,5.5,131,1,5.0,63,1,4.0,158,1,4.5,131,1,5.0,120,1,4.0,123,1,4.0,114,1,3.5,117,1,4.0,158,1,4.0,145,1,3.5,113,1,4.0,122,1,3.0,156,1,4.0,122,1,3.5,136,1,3.5,116,1,4.5,90,1,5.0,67,1,official_open_data_snapshot_derived_ranks,36a3ddcbd01b2e0eac4b0294d8e36a13b185c9346bdafaad3a04caaca649f559
2025,2024,113,Asia,South-Eastern Asia,VNM,Vietnam,6.58,32,0,6.57,23,1,6.6,38,1,4.79,97,1,7.0,56,1,7.0,38,1,6.0,34,1,4.5,106,1,7.5,10,1,7.0,11,1,7.0,26,1,9.0,1,1,6.0,67,1,7.5,14,1,4.0,111,1,4.5,114,1,7.5,24,1,7.0,23,1,7.0,53,1,6.0,36,1,7.0,34,1,7.0,81,1,6.5,49,1,6.5,36,1,5.0,69,1,4.5,75,1,6.0,85,1,6.0,69,1,3.5,113,1,5.0,75,1,5.5,65,1,5.0,75,1,5.5,50,1,4.5,68,1,5.0,66,1,2.0,170,1,official_open_data_snapshot_derived_ranks,e5a94b5ed93f4664ee37330d615ba539bcf46d53d8d18d102743fa25ae48d511
2025,2024,114,Asia,Southern Asia,AFG,Afghanistan,7.02,17,1,6.93,11,1,7.1,24,1,1.5,192,0,9.0,1,1,9.0,2,1,6.0,34,1,9.0,6,1,8.5,3,1,9.0,1,0,5.5,55,1,4.0,116,1,6.5,61,1,9.0,2,0,1.0,191,1,7.0,13,1,8.5,12,1,4.0,111,1,8.0,13,1,4.5,78,1,8.0,7,1,9.0,7,1,6.0,76,1,8.0,2,1,2.0,170,1,1.0,189,1,1.5,192,1,1.5,193,0,1.5,183,1,1.5,186,1,3.5,142,1,1.0,192,1,1.5,184,1,1.0,188,1,1.0,190,1,1.0,190,1,official_open_data_snapshot_derived_ranks,26cdedc38f426523bd9210ddedae65b6c98e85d6714cb8bb5fab31a83efa8b32
2025,2024,115,Asia,Southern Asia,BGD,Bangladesh,5.3,83,1,5.2,83,1,5.4,88,1,4.08,126,1,8.0,17,1,7.0,38,1,6.5,28,1,5.5,79,1,5.0,100,1,3.5,143,1,5.0,63,1,5.5,70,1,3.5,115,1,4.5,54,1,3.0,137,1,4.5,114,1,6.5,50,1,5.0,79,1,5.0,146,1,6.0,36,1,6.0,74,1,7.0,81,1,4.0,155,1,4.0,123,1,4.0,114,1,3.5,117,1,5.5,105,1,5.0,116,1,3.0,127,1,4.0,122,1,5.0,90,1,4.5,98,1,4.5,87,1,3.5,116,1,3.0,149,1,3.5,122,1,official_open_data_snapshot_derived_ranks,b7349197f2cf7db753f2d1fe0a92ab342743f68f14434c22b14fe710f2b35848
2025,2024,116,Asia,Southern Asia,BTN,Bhutan,3.5,166,0,3.9,150,1,3.1,176,1,4.67,102,1,6.0,85,1,4.5,119,1,2.0,129,1,2.5,161,1,3.5,147,1,4.0,115,1,6.5,39,1,6.0,52,1,5.0,85,1,2.5,118,1,1.5,178,1,4.5,114,1,3.5,139,1,3.0,134,1,3.5,177,1,1.0,146,1,4.5,143,1,3.0,159,1,4.0,155,1,3.0,160,1,5.5,50,1,6.0,34,1,5.5,105,1,5.0,116,1,5.0,59,1,5.0,75,1,3.5,142,1,4.5,98,1,5.5,50,1,3.5,116,1,4.0,108,1,3.0,138,1,official_open_data_snapshot_derived_ranks,8dba111563e7eb7d894e390223c0509e5b1bc56592508075d8ca78e21798a5cb
2025,2024,117,Asia,Southern Asia,IND,India,5.9,58,1,6.8,15,0,5.0,111,1,5.46,56,1,8.5,6,1,6.5,52,1,6.5,28,1,6.0,66,1,8.0,6,1,6.0,36,1,6.0,48,1,7.0,23,1,7.0,43,1,7.0,17,1,4.0,111,1,7.5,7,1,7.0,37,1,7.5,15,1,7.5,37,1,3.0,111,1,6.5,57,1,7.0,81,1,3.5,174,1,5.0,78,1,4.5,88,1,5.0,59,1,8.5,11,1,5.5,92,1,4.5,79,1,5.5,56,1,7.0,24,1,6.5,20,1,5.0,67,1,4.0,84,1,5.0,66,1,4.5,87,1,official_open_data_snapshot_derived_ranks,f1e7726e242226d4c5b05027b57e8cf611efd58a3d93df680196dd1d25205267
2025,2024,118,Asia,Southern Asia,MDV,Maldives,4.42,134,1,3.53,162,1,5.3,92,1,3.96,131,1,6.5,71,1,6.0,72,1,1.5,150,1,2.0,171,1,1.5,187,1,2.0,166,1,2.0,132,1,5.0,81,1,2.0,148,1,6.5,23,1,4.0,111,1,4.0,145,1,2.5,164,1,3.5,126,1,4.0,167,1,6.5,28,1,6.0,74,1,5.5,119,1,4.5,141,1,4.0,123,1,4.5,88,1,5.0,59,1,5.5,105,1,5.0,116,1,3.0,127,1,4.0,122,1,3.5,142,1,3.5,143,1,3.0,153,1,2.5,152,1,3.5,136,1,4.5,87,1,official_open_data_snapshot_derived_ranks,ca54dac7d781b1c9a94f496cb3ebdec6ea3f691f817acd5010d97945bd2966bb
2025,2024,119,Asia,Southern Asia,NPL,Nepal,6.63,27,1,6.07,46,0,7.2,23,0,3.88,137,1,8.0,17,1,7.5,24,1,6.0,34,1,5.5,79,1,7.5,10,1,5.0,81,1,7.0,26,1,7.0,23,1,7.5,33,1,4.5,54,1,3.5,126,1,6.0,51,1,5.0,97,1,4.0,111,1,7.0,53,1,5.5,48,1,7.5,21,1,8.0,39,1,7.5,17,1,7.5,11,1,3.5,132,1,2.5,150,1,5.5,105,1,4.5,132,1,3.0,127,1,4.5,102,1,3.5,142,1,3.5,143,1,4.0,111,1,4.0,84,1,3.5,136,1,4.5,87,1,official_open_data_snapshot_derived_ranks,fa407566bd3e8164728c2e2b4047b407372f314096e14d6e3640712557bc5ef5
2025,2024,120,Asia,Southern Asia,PAK,Pakistan,6.32,45,1,6.53,26,0,6.1,55,1,3.96,131,1,8.5,6,1,8.0,12,1,7.0,22,1,8.5,19,1,5.0,100,1,6.0,36,1,5.0,63,1,6.0,52,1,5.5,74,1,8.5,3,1,3.0,137,1,7.0,13,1,8.0,17,1,5.0,79,1,7.0,53,1,6.5,28,1,7.0,34,1,7.5,62,1,4.5,141,1,5.0,78,1,3.0,148,1,3.5,117,1,5.5,105,1,5.0,116,1,3.0,127,1,4.5,102,1,4.0,124,1,4.0,122,1,3.5,136,1,3.5,116,1,4.0,108,1,4.0,105,1,official_open_data_snapshot_derived_ranks,7ec6830bb655953fe329ce8fe224dced0434fec180441cbbc0ac3a694d31b1e4
2025,2024,121,Asia,Southern Asia,LKA,Sri Lanka,4.97,103,1,4.83,106,1,5.1,107,1,3.71,145,0,7.0,56,1,6.5,52,1,7.0,22,1,5.5,79,1,2.5,168,1,4.0,115,1,3.5,93,1,5.5,70,1,3.0,127,1,6.0,31,1,2.5,151,1,5.5,76,1,6.0,65,1,3.5,126,1,4.5,160,1,5.5,48,1,6.0,74,1,7.0,81,1,3.5,174,1,3.5,146,1,3.0,148,1,3.5,117,1,5.5,105,1,5.5,92,1,3.0,127,1,3.5,141,1,4.0,124,1,5.0,75,1,3.5,136,1,3.0,133,1,2.0,171,1,3.0,138,1,official_open_data_snapshot_derived_ranks,f4da9d097f5bee12f907d88e7f53994c7c27c0bafaf2464f1b9fb0bbec666d70
2025,2024,122,Asia,Western Asia,BHR,Bahrain,4.82,114,1,5.13,89,1,4.5,131,1,5.33,66,1,8.0,17,1,4.5,119,1,1.0,168,1,4.0,120,1,5.5,80,1,4.0,115,1,2.5,117,1,6.0,52,1,6.5,61,1,4.5,54,1,4.0,111,1,5.5,76,1,7.0,37,1,7.0,23,1,7.0,53,1,1.0,146,1,6.0,74,1,4.5,131,1,5.0,120,1,6.0,50,1,5.5,50,1,4.5,75,1,7.0,44,1,5.5,92,1,4.0,97,1,4.5,102,1,6.5,34,1,5.5,47,1,6.0,36,1,6.0,31,1,5.5,52,1,3.5,122,1,official_open_data_snapshot_derived_ranks,87febbf55da1aa85fb9ae0a6073cecf724167e1542052e17c435008d0814fb41
2025,2024,123,Asia,Western Asia,IRN,Iran,6.88,23,0,7.37,4,0,6.4,43,1,3.08,163,1,8.0,17,1,8.5,7,1,4.5,72,1,9.0,6,1,8.0,6,1,8.5,2,0,4.5,74,1,4.0,116,1,9.5,2,1,8.5,3,1,4.5,101,1,6.0,51,1,9.5,2,1,8.5,4,1,9.0,1,1,4.5,78,1,7.5,21,1,9.5,3,1,5.5,96,1,5.0,78,1,2.5,162,1,2.0,160,1,4.0,158,1,4.0,145,1,3.0,127,1,3.0,154,1,4.5,108,1,2.5,170,1,2.5,164,1,3.5,116,1,3.0,149,1,2.5,157,1,official_open_data_snapshot_derived_ranks,e74bfe7687a6c2114951f7cc9711317cddf4d27103273cd29258497842c1abd6
2025,2024,124,Asia,Western Asia,IRQ,Iraq,7.17,12,0,6.43,28,1,7.9,8,1,3.33,153,0,7.5,38,1,8.5,7,1,7.5,16,1,9.0,6,1,7.0,22,1,7.0,11,1,1.5,154,1,4.5,101,1,9.0,5,1,6.0,31,1,4.0,111,1,5.5,76,1,7.5,24,1,3.0,134,1,9.0,1,1,6.5,28,1,8.0,7,1,8.5,24,1,9.0,1,1,7.5,11,1,3.5,132,1,3.0,135,1,4.5,150,1,3.5,159,1,3.5,113,1,3.5,141,1,2.5,173,1,4.0,122,1,3.5,136,1,2.5,152,1,3.0,149,1,3.0,138,1,official_open_data_snapshot_derived_ranks,85baffb4396ba82685334cdd25a0607513c051b9c4edc3bf397850b37d9e2199
2025,2024,125,Asia,Western Asia,ISR,Israel,5.07,97,0,5.23,82,0,4.9,115,1,5.54,52,1,6.5,71,1,2.0,173,1,5.0,60,1,7.0,42,1,5.5,80,1,5.5,66,1,1.5,154,1,2.5,170,1,6.0,67,1,3.0,101,1,5.5,75,1,6.5,30,1,6.0,65,1,9.0,1,1,7.0,53,1,6.0,36,1,4.0,158,1,5.5,119,1,4.0,155,1,5.0,78,1,5.0,69,1,4.0,94,1,5.5,105,1,6.5,47,1,4.0,97,1,5.5,56,1,3.5,142,1,7.0,12,1,7.5,13,1,6.0,31,1,6.5,22,1,5.5,57,1,official_open_data_snapshot_derived_ranks,f67ac5be6f0e88fa43f8aa9838016f0e4020b531066122215ae0e24643288142
2025,2024,126,Asia,Western Asia,JOR,Jordan,5.08,96,0,4.97,97,1,5.2,97,1,5.63,47,1,6.0,85,1,5.5,88,1,4.0,82,1,7.0,42,1,5.5,80,1,5.5,66,1,3.5,93,1,3.5,138,1,2.0,148,1,3.5,91,1,3.0,137,1,6.0,51,1,7.5,24,1,5.5,60,1,6.5,80,1,1.5,140,1,7.0,34,1,6.0,107,1,5.5,96,1,6.0,50,1,5.5,50,1,4.5,75,1,8.0,25,1,6.5,47,1,4.5,79,1,6.5,34,1,5.5,65,1,7.0,12,1,4.0,111,1,5.0,52,1,6.5,22,1,4.0,105,1,official_open_data_snapshot_derived_ranks,2a0553b6d3cc2bb4e5aaccec482314790ded56c8c106712608182cca853ef5af
2025,2024,127,Asia,Western Asia,KWT,Kuwait,5.1,95,0,5.6,59,1,4.6,126,1,5.42,60,1,8.0,17,1,6.5,52,1,1.5,150,1,5.0,90,1,5.5,80,1,3.5,143,1,5.5,55,1,6.0,52,1,5.5,74,1,4.5,54,1,5.0,89,1,6.5,30,1,7.0,37,1,7.0,23,1,7.0,53,1,1.0,146,1,6.0,74,1,6.0,107,1,3.5,174,1,6.5,36,1,4.5,88,1,4.0,94,1,6.0,85,1,5.5,92,1,5.5,51,1,6.0,44,1,5.5,65,1,5.5,47,1,6.5,30,1,5.5,40,1,5.5,52,1,5.0,67,1,official_open_data_snapshot_derived_ranks,114f8304ebb27f333835fbf4ddafa6f221fe91faadd67822737f8e6ad5389bfa
2025,2024,128,Asia,Western Asia,LBN,Lebanon,7.3,9,0,6.6,21,1,8.0,7,0,3.08,163,1,8.0,17,1,8.5,7,1,6.0,34,1,9.0,6,1,6.5,43,1,7.0,11,1,2.0,132,1,3.5,138,1,7.0,43,1,4.0,72,1,6.0,61,1,9.0,1,1,9.0,4,1,4.5,95,1,9.0,1,1,6.5,28,1,7.5,21,1,9.5,3,1,8.5,6,1,8.0,2,1,2.0,170,1,2.5,150,1,5.5,105,1,3.5,159,1,3.0,127,1,2.5,168,1,2.0,177,1,2.5,170,1,1.5,184,1,3.5,116,1,3.5,136,1,5.0,67,1,official_open_data_snapshot_derived_ranks,643b9cb1d8aacda7d1fe70e13cefd37a361baadf39244edaadcc91ca073ec7bb
2025,2024,129,Asia,Western Asia,OMN,Oman,4.45,131,1,4.9,101,1,4.0,152,1,5.33,66,1,7.0,56,1,5.0,111,1,1.5,150,1,5.5,79,1,4.5,117,1,4.0,115,1,5.0,63,1,5.0,81,1,5.5,74,1,5.0,48,1,3.0,137,1,4.5,114,1,6.5,50,1,5.0,79,1,6.5,80,1,1.0,146,1,5.0,120,1,4.5,131,1,4.0,155,1,5.5,68,1,4.5,88,1,4.5,75,1,6.5,63,1,6.5,47,1,4.5,79,1,7.0,25,1,5.5,65,1,6.0,31,1,5.0,67,1,4.5,68,1,5.0,66,1,4.5,87,1,official_open_data_snapshot_derived_ranks,dc450598e69de16cf875010b95c19f746a8d39b12de931f7ba8e6d16b4f4d00c
2025,2024,130,Asia,Western Asia,QAT,Qatar,5.37,79,1,5.63,57,1,5.1,107,1,5.46,56,1,8.0,17,1,6.0,72,1,2.0,129,1,6.5,53,1,6.0,55,1,4.0,115,1,4.0,82,1,6.5,40,1,5.0,85,1,4.5,54,1,4.5,101,1,6.5,30,1,7.0,37,1,6.5,38,1,7.5,37,1,1.0,146,1,6.0,74,1,6.5,97,1,6.0,76,1,6.0,50,1,5.0,69,1,5.5,42,1,6.5,63,1,5.0,116,1,4.5,79,1,5.0,75,1,7.0,24,1,5.5,47,1,6.0,36,1,5.5,40,1,6.0,34,1,4.0,105,1,official_open_data_snapshot_derived_ranks,a936c77b09d8e1d686ee4b9562c86d91d1dcf062a892d58047e986418083179d
2025,2024,131,Asia,Western Asia,SAU,Saudi Arabia,6.33,43,1,6.67,18,1,6.0,60,1,3.79,141,1,8.5,6,1,8.0,12,1,2.0,129,1,8.0,26,1,6.0,55,1,4.0,115,1,5.0,63,1,7.5,15,1,7.5,33,1,6.5,23,1,5.5,75,1,6.5,30,1,9.0,4,1,7.5,15,1,8.5,6,1,3.0,111,1,6.5,57,1,9.0,7,1,3.5,174,1,8.0,2,1,3.0,148,1,2.5,150,1,5.0,130,1,4.0,145,1,2.5,157,1,3.5,141,1,5.0,90,1,5.0,75,1,5.0,67,1,3.5,116,1,4.5,90,1,2.0,170,1,official_open_data_snapshot_derived_ranks,23f561f1510fb57e976c6b323b8df2870db3e11efa99bb60344054431dc5f8ca
2025,2024,132,Asia,Western Asia,SYR,Syria,6.98,19,0,6.37,32,1,7.6,11,1,2.0,185,1,8.5,6,1,9.0,2,1,8.0,10,1,9.0,6,1,7.0,22,1,6.0,36,1,1.5,154,1,3.5,138,1,8.5,13,1,3.0,101,1,2.5,151,1,7.5,7,1,9.5,2,1,4.0,111,1,8.0,13,1,4.5,78,1,8.5,3,1,10.0,1,1,8.0,8,1,7.0,21,1,2.0,170,1,1.0,189,1,4.0,158,1,2.0,186,1,1.5,183,1,2.0,174,1,1.5,185,1,2.0,179,1,2.5,164,1,2.0,161,1,2.0,171,1,1.5,186,1,official_open_data_snapshot_derived_ranks,fa888801fcfa4ae87a823d9a27b8987270c9a7623ea16ed80ff647f5be23aa65
2025,2024,133,Asia,Western Asia,TUR,Türkiye,7.2,10,0,6.9,13,0,7.5,13,1,3.96,131,1,8.0,17,1,8.5,7,1,6.0,34,1,8.5,19,1,7.5,10,1,7.5,5,1,3.5,93,1,3.5,138,1,8.5,13,1,8.0,7,1,6.0,61,1,6.5,30,1,7.5,24,1,5.5,60,1,8.5,6,1,8.0,12,1,8.0,7,1,9.0,7,1,6.5,49,1,6.0,50,1,4.0,114,1,3.0,135,1,5.0,130,1,5.0,116,1,3.0,127,1,3.5,141,1,5.5,65,1,3.0,160,1,4.5,87,1,4.5,68,1,3.5,136,1,3.0,138,1,official_open_data_snapshot_derived_ranks,80d0f2127e42f73d5c6efa321a4bffde29bd11eaa099c4698b43505ec47f9c5f
2025,2024,134,Asia,Western Asia,ARE,United Arab Emirates,6.35,42,0,7.0,10,0,5.7,74,1,5.13,79,1,8.5,6,1,6.5,52,1,5.0,60,1,7.0,42,1,7.0,22,1,6.0,36,1,5.5,55,1,7.5,15,1,8.0,21,1,7.0,17,1,6.0,61,1,6.0,51,1,8.0,17,1,8.0,7,1,9.0,1,1,1.0,146,1,6.5,57,1,6.5,97,1,7.0,34,1,7.5,11,1,5.0,69,1,4.5,75,1,5.0,130,1,5.5,92,1,5.5,51,1,6.0,44,1,5.5,65,1,3.5,143,1,5.5,50,1,6.0,31,1,6.5,22,1,3.0,138,1,official_open_data_snapshot_derived_ranks,77a18e4f1ffd5c537ec5c5906d5063b5355ffdbee688b32620473c43d8bdc8d8
2025,2024,135,Asia,Western Asia,YEM,Yemen,6.63,27,1,5.77,52,1,7.5,13,1,1.92,187,0,9.0,1,1,9.0,2,1,8.0,10,1,9.5,1,1,7.0,22,1,6.0,36,1,2.5,117,1,4.0,116,1,7.5,33,1,2.5,118,1,2.0,164,1,4.5,114,1,4.5,114,1,2.5,150,1,8.0,13,1,7.5,20,1,7.5,21,1,8.0,39,1,8.5,6,1,6.0,50,1,2.0,170,1,2.0,160,1,3.0,175,1,2.0,186,1,1.5,183,1,2.0,174,1,1.5,185,1,2.0,179,1,2.0,174,1,1.5,178,1,1.5,183,1,2.0,170,1,official_open_data_snapshot_derived_ranks,2c112a6f933c255f86e8445d927925cbbf1b76e712d947a2aff268718094d66a
2025,2024,136,Europe,Central & Eastern Europe,ALB,Albania,5.2,90,0,4.9,101,1,5.5,84,1,5.17,75,1,5.5,100,1,6.0,72,1,4.0,82,1,4.5,106,1,3.5,147,1,3.0,157,1,4.0,82,1,3.5,138,1,5.0,85,1,5.5,42,1,7.0,39,1,6.5,30,1,4.0,126,1,5.5,60,1,6.0,107,1,6.5,28,1,7.0,34,1,6.5,97,1,3.0,180,1,4.5,108,1,5.0,69,1,4.5,75,1,7.0,44,1,6.0,69,1,5.5,51,1,5.5,56,1,5.5,65,1,4.5,98,1,4.0,111,1,4.5,68,1,5.0,66,1,5.0,67,1,official_open_data_snapshot_derived_ranks,fe5e2fbb8b4b9507cc83485184559d590743fbcdb279358fcab4927719a08fca
2025,2024,137,Europe,Central & Eastern Europe,BLR,Belarus,5.83,62,1,5.37,71,1,6.3,47,1,3.08,163,1,7.0,56,1,7.5,24,1,4.0,82,1,7.5,37,1,6.5,43,1,6.5,24,1,3.5,93,1,2.0,175,1,4.5,94,1,4.0,72,1,3.0,137,1,4.0,145,1,5.5,79,1,7.0,23,1,8.0,13,1,3.5,98,1,5.0,120,1,9.0,7,1,6.5,49,1,7.5,11,1,3.0,148,1,2.0,160,1,3.0,175,1,3.5,159,1,2.0,168,1,3.0,154,1,4.0,124,1,4.0,122,1,3.5,136,1,3.0,133,1,4.0,108,1,2.0,170,1,official_open_data_snapshot_derived_ranks,ed09ac638964a2982390dc07150c3336af28d97a6163025e63f54a782e6d1f4a
2025,2024,138,Europe,Central & Eastern Europe,BIH,Bosnia and Herzegovina,5.92,56,1,5.43,68,0,6.4,43,1,3.88,137,1,5.5,100,1,6.5,52,1,5.0,60,1,6.0,66,1,5.0,100,1,6.0,36,1,5.0,63,1,3.5,138,1,4.0,101,1,6.0,31,1,6.0,61,1,6.0,51,1,6.5,50,1,4.0,111,1,6.5,80,1,4.5,78,1,6.0,74,1,8.0,39,1,7.0,34,1,6.5,36,1,4.0,114,1,3.5,117,1,6.0,85,1,4.0,145,1,2.5,157,1,3.5,141,1,4.0,124,1,3.5,143,1,3.5,136,1,4.0,84,1,4.5,90,1,3.5,122,1,official_open_data_snapshot_derived_ranks,037cb729e8b28f1fd7ae97d55ae8e687c15f9f3ba74a5b027e32cf135477b45d
2025,2024,139,Europe,Central & Eastern Europe,BGR,Bulgaria,5.58,72,0,5.47,64,1,5.7,74,1,5.33,66,1,5.0,125,1,5.5,88,1,5.5,48,1,4.5,106,1,5.5,80,1,5.5,66,1,6.0,48,1,4.0,116,1,5.0,85,1,5.5,42,1,5.0,89,1,5.5,76,1,6.5,50,1,6.0,50,1,7.0,53,1,4.5,78,1,6.0,74,1,7.5,62,1,5.0,120,1,5.5,68,1,4.5,88,1,5.5,42,1,6.5,63,1,6.0,69,1,5.5,51,1,5.0,75,1,6.5,34,1,5.0,75,1,5.0,67,1,5.0,52,1,5.0,66,1,4.5,87,1,official_open_data_snapshot_derived_ranks,b40d073330283f30b69f28a9ddbcb4ce1e85d08dde57f746a02b032ad0debbe7
2025,2024,140,Europe,Central & Eastern Europe,HRV,Croatia,5.02,101,0,4.83,106,1,5.2,97,1,5.92,37,1,5.0,125,1,6.0,72,1,3.5,95,1,4.5,106,1,4.0,133,1,4.0,115,1,4.5,74,1,3.5,138,1,4.0,101,1,4.5,54,1,6.5,47,1,6.0,51,1,5.5,79,1,5.0,79,1,6.0,107,1,4.0,86,1,6.0,74,1,6.0,107,1,5.0,120,1,5.0,78,1,5.5,50,1,5.5,42,1,7.0,44,1,7.0,28,1,5.5,51,1,6.0,44,1,6.5,34,1,6.5,20,1,5.0,67,1,6.0,31,1,6.0,34,1,4.5,87,1,official_open_data_snapshot_derived_ranks,10231ab4b31687822a59cfaa2f024ed0f703c20c3741c7f26ce84f7e6592b9ec
2025,2024,141,Europe,Central & Eastern Europe,CZE,Czechia,4.55,127,0,4.8,108,1,4.3,136,1,6.5,31,0,5.5,100,1,5.5,88,1,2.5,120,1,5.0,90,1,4.5,117,1,4.5,100,1,3.0,105,1,5.0,81,1,3.0,127,1,4.0,72,1,5.5,75,1,5.5,76,1,7.0,37,1,5.5,60,1,6.0,107,1,2.5,123,1,4.5,143,1,4.5,131,1,5.0,120,1,5.0,78,1,6.5,29,1,6.5,25,1,7.0,44,1,7.0,28,1,6.5,28,1,7.0,25,1,7.0,24,1,6.5,20,1,6.0,36,1,5.5,40,1,6.0,34,1,6.5,36,1,official_open_data_snapshot_derived_ranks,763d5fede44a2739a2f8f5fd580d99f5a55bd883fafe25d02db69c618c6ddb3e
2025,2024,142,Europe,Central & Eastern Europe,HUN,Hungary,4.62,125,0,4.53,119,1,4.7,122,1,4.79,97,1,6.0,85,1,6.5,52,1,1.5,150,1,4.0,120,1,4.5,117,1,4.0,115,1,3.5,93,1,3.5,138,1,2.5,143,1,4.0,72,1,5.0,89,1,5.0,100,1,6.0,65,1,5.5,60,1,6.5,80,1,1.0,146,1,4.0,158,1,7.5,62,1,5.5,96,1,5.5,68,1,4.0,114,1,3.5,117,1,4.0,158,1,5.5,92,1,5.0,59,1,5.0,75,1,6.5,34,1,5.5,47,1,4.5,87,1,4.0,84,1,6.0,34,1,4.0,105,1,official_open_data_snapshot_derived_ranks,81cf2945f44931b19d630f80bd2a46c67e6e71761f58fdac634a41db852e5a7a
2025,2024,143,Europe,Central & Eastern Europe,MDA,Moldova,5.53,75,0,4.97,97,1,6.1,55,1,4.08,126,1,7.5,38,1,4.5,119,1,4.5,72,1,7.0,42,1,6.0,55,1,7.5,5,1,2.5,117,1,1.5,181,1,3.0,127,1,3.5,91,1,2.0,164,1,4.5,114,1,5.0,97,1,7.5,15,1,8.0,13,1,5.0,63,1,5.0,120,1,8.0,39,1,5.5,96,1,7.0,21,1,4.0,114,1,4.0,94,1,5.5,105,1,5.5,92,1,3.5,113,1,4.0,122,1,3.0,156,1,4.0,122,1,4.0,111,1,4.0,84,1,3.5,136,1,4.0,105,1,official_open_data_snapshot_derived_ranks,f08c4303382729f91518f542d95ed6b4efa8b6ebe41f6dd372a3e3c0f93cc7af
2025,2024,144,Europe,Central & Eastern Europe,MNE,Montenegro,5.82,64,0,5.13,89,1,6.5,40,1,4.83,95,1,5.0,125,1,5.5,88,1,5.0,60,1,6.0,66,1,3.0,160,1,7.5,5,1,3.0,105,1,5.0,81,1,3.5,115,1,5.0,48,1,7.0,39,1,6.0,51,1,4.5,114,1,5.0,79,1,6.0,107,1,7.5,20,1,7.0,34,1,7.0,81,1,6.0,76,1,5.0,78,1,5.0,69,1,4.5,75,1,6.5,63,1,5.0,116,1,4.5,79,1,4.5,102,1,5.0,90,1,5.0,75,1,4.0,111,1,4.0,84,1,5.0,66,1,5.0,67,1,official_open_data_snapshot_derived_ranks,0e18b17ad84a471207492870e91412ec61843cd7fe5236701b3341adbaafcb1e
2025,2024,145,Europe,Central & Eastern Europe,MKD,North Macedonia,5.0,102,0,4.8,108,1,5.2,97,1,5.29,71,1,5.5,100,1,6.0,72,1,4.5,72,1,5.0,90,1,4.0,133,1,3.5,143,1,4.0,82,1,3.0,160,1,3.5,115,1,5.0,48,1,5.0,89,1,6.0,51,1,5.5,79,1,5.5,60,1,6.0,107,1,3.5,98,1,6.0,74,1,6.5,97,1,5.0,120,1,5.0,78,1,5.0,69,1,5.0,59,1,6.5,63,1,5.0,116,1,4.5,79,1,5.5,56,1,6.5,34,1,6.0,31,1,4.0,111,1,4.5,68,1,5.5,52,1,5.5,57,1,official_open_data_snapshot_derived_ranks,2dd4e42c437fd55af175a596e012fcd75b35775d48c04f0fefbc9d613ecc3803
2025,2024,146,Europe,Central & Eastern Europe,POL,Poland,4.67,123,0,5.13,89,1,4.2,142,1,6.08,36,0,5.5,100,1,6.0,72,1,3.0,102,1,4.5,106,1,5.0,100,1,6.0,36,1,2.5,117,1,4.5,101,1,5.5,74,1,4.0,72,1,5.5,75,1,5.5,76,1,7.5,24,1,6.0,50,1,6.0,107,1,2.0,129,1,6.0,74,1,4.5,131,1,4.0,155,1,4.5,108,1,5.5,50,1,5.0,59,1,7.5,35,1,7.0,28,1,5.0,59,1,6.5,34,1,7.5,19,1,6.5,20,1,6.5,30,1,5.5,40,1,6.0,34,1,4.5,87,1,official_open_data_snapshot_derived_ranks,f025fd066286e945d73201e7e1a179268f673a08caa2ea30d682fa4a59ae33e5
2025,2024,147,Europe,Central & Eastern Europe,ROU,Romania,4.83,113,0,5.37,71,1,4.3,136,1,5.88,39,1,6.0,85,1,5.5,88,1,4.5,72,1,5.0,90,1,5.5,80,1,6.0,36,1,6.0,48,1,4.5,101,1,4.0,101,1,5.0,48,1,5.5,75,1,5.0,100,1,5.5,79,1,6.0,50,1,6.5,80,1,3.5,98,1,5.5,105,1,4.5,131,1,4.0,155,1,4.0,123,1,5.5,50,1,6.5,25,1,7.0,44,1,6.0,69,1,6.5,28,1,6.0,44,1,6.0,46,1,5.0,75,1,5.5,50,1,6.0,31,1,6.0,34,1,4.5,87,1,official_open_data_snapshot_derived_ranks,33f2b14b937d7609bc57053b04adc2ed0500d713b0acd491206263b89166dade
2025,2024,148,Europe,Central & Eastern Europe,RUS,Russia,6.92,22,0,6.93,11,1,6.9,28,1,3.42,150,0,8.0,17,1,6.5,52,1,6.0,34,1,8.5,19,1,5.5,80,1,6.5,24,1,7.5,15,1,7.0,23,1,7.5,33,1,6.0,31,1,4.0,111,1,5.0,100,1,8.5,12,1,9.0,1,1,8.5,6,1,5.5,48,1,7.0,34,1,9.0,7,1,5.0,120,1,8.0,2,1,3.5,132,1,2.5,150,1,3.0,175,1,5.5,92,1,3.0,127,1,4.0,122,1,5.0,90,1,3.5,143,1,3.5,136,1,2.5,152,1,3.0,149,1,2.0,170,1,official_open_data_snapshot_derived_ranks,0c54656f68a3709178aa69dbd50149bdb5acc88327e1351592ea5ceb8c1bf133
2025,2024,149,Europe,Central & Eastern Europe,SRB,Serbia,6.18,47,1,5.67,54,1,6.7,36,1,4.92,91,1,6.0,85,1,6.0,72,1,5.5,48,1,6.5,53,1,4.5,117,1,5.0,81,1,5.0,63,1,5.0,81,1,5.0,85,1,6.0,31,1,6.5,47,1,6.0,51,1,6.0,65,1,5.0,79,1,7.0,53,1,6.0,36,1,7.0,34,1,8.0,39,1,6.5,49,1,6.0,50,1,4.5,88,1,4.0,94,1,6.5,63,1,4.5,132,1,5.0,59,1,5.0,75,1,6.0,46,1,5.5,47,1,5.0,67,1,4.0,84,1,5.5,52,1,3.5,122,1,official_open_data_snapshot_derived_ranks,2c704ff9eee4b26d4c0201dea2f26b149d6d940d4a010a0a3b836a42d06d269b
2025,2024,150,Europe,Central & Eastern Europe,SVK,Slovakia,4.75,117,0,4.7,113,0,4.8,118,1,4.88,93,1,5.5,100,1,5.0,111,1,2.0,129,1,5.0,90,1,4.5,117,1,5.5,66,1,3.0,105,1,4.0,116,1,2.0,148,1,5.0,48,1,5.5,75,1,5.0,100,1,6.0,65,1,6.0,50,1,6.5,80,1,3.0,111,1,5.5,105,1,7.0,81,1,5.5,96,1,3.0,160,1,4.5,88,1,4.0,94,1,6.0,85,1,6.0,69,1,4.5,79,1,4.5,102,1,5.5,65,1,5.0,75,1,5.0,67,1,4.0,84,1,5.0,66,1,4.5,87,1,official_open_data_snapshot_derived_ranks,e9916c2523125020fbd0da98091aaa27e4828670484c1571aae4a4387d7f6f57
2025,2024,151,Europe,Central & Eastern Europe,SVN,Slovenia,4.28,140,0,3.97,147,0,4.6,126,1,6.21,33,0,4.5,150,1,5.5,88,1,3.0,102,1,4.0,120,1,3.0,160,1,2.0,166,1,2.0,132,1,3.0,160,1,1.5,162,1,4.0,72,1,5.5,75,1,5.0,100,1,5.0,97,1,5.0,79,1,6.5,80,1,2.0,129,1,5.0,120,1,6.5,97,1,5.5,96,1,4.0,123,1,6.5,29,1,5.5,42,1,7.0,44,1,7.0,28,1,6.0,37,1,6.0,44,1,7.5,19,1,5.5,47,1,5.5,50,1,6.0,31,1,6.0,34,1,6.0,49,1,official_open_data_snapshot_derived_ranks,99b73ce745b91275fb7a396cee2cb0ad5cef9617d7b258c6222a528b6052f380
2025,2024,152,Europe,Central & Eastern Europe,UKR,Ukraine,6.45,37,0,6.4,31,0,6.5,40,1,4.54,110,0,7.5,38,1,8.0,12,1,5.5,48,1,9.0,6,1,6.0,55,1,6.0,36,1,7.0,26,1,4.5,101,1,7.5,33,1,2.5,118,1,2.0,164,1,6.5,30,1,8.5,12,1,8.5,4,1,7.0,53,1,5.0,63,1,7.5,21,1,8.0,39,1,7.0,34,1,5.0,78,1,5.0,69,1,4.0,94,1,7.5,35,1,4.5,132,1,4.5,79,1,5.0,75,1,1.5,185,1,4.5,98,1,4.5,87,1,4.0,84,1,4.0,108,1,5.5,57,1,official_open_data_snapshot_derived_ranks,54c3785da416076e03e0696d4db849655aaa3713528f240f06e2a07cd6e4e1b3
2025,2024,153,Europe,Northern Europe,DNK,Denmark,4.1,148,0,4.3,132,1,3.9,154,1,8.21,3,0,4.0,161,1,5.0,111,1,4.0,82,1,5.0,90,1,4.0,133,1,3.5,143,1,2.0,132,1,2.0,175,1,2.0,148,1,4.0,72,1,6.0,61,1,5.5,76,1,5.5,79,1,6.5,38,1,5.5,131,1,5.0,63,1,5.0,120,1,1.5,183,1,5.5,96,1,2.5,170,1,9.0,1,1,9.0,1,1,8.0,25,1,9.0,1,1,7.0,21,1,8.0,7,1,8.0,11,1,7.0,12,1,8.5,1,1,7.5,11,1,8.5,2,1,9.0,1,0,official_open_data_snapshot_derived_ranks,c155a3c0dabe0a36fb7d764adba6943879db2cacccd76713652ad7ae1d42226c
2025,2024,154,Europe,Northern Europe,EST,Estonia,3.87,158,1,3.93,148,1,3.8,160,1,8.04,5,0,4.0,161,1,3.5,141,1,2.0,129,1,2.0,171,1,3.0,160,1,4.5,100,1,2.5,117,1,1.5,181,1,2.5,143,1,2.5,118,1,4.5,101,1,5.5,76,1,7.0,37,1,7.0,23,1,7.0,53,1,3.0,111,1,3.5,169,1,2.0,174,1,5.5,96,1,5.0,78,1,8.5,3,1,8.0,5,1,8.5,11,1,8.0,10,1,8.0,4,1,7.5,13,1,8.5,3,1,8.0,1,1,7.5,13,1,7.5,11,1,8.5,2,1,8.0,5,1,official_open_data_snapshot_derived_ranks,9625b963b3ac8ff84750bc5507f968ba1a0603673039c9192caa0c8c4533948e
2025,2024,155,Europe,Northern Europe,FIN,Finland,3.25,170,0,3.4,166,1,3.1,176,1,8.42,1,1,3.5,175,1,3.0,156,1,3.0,102,1,3.0,148,1,3.5,147,1,3.0,157,1,1.5,154,1,2.0,175,1,1.5,162,1,3.0,101,1,4.5,101,1,4.0,145,1,5.5,79,1,5.5,60,1,4.5,160,1,3.0,111,1,3.5,169,1,1.5,183,1,4.0,155,1,3.5,146,1,8.5,3,1,9.0,1,1,9.0,1,1,8.5,3,1,7.5,16,1,8.5,4,1,9.0,2,0,8.0,1,1,8.5,1,1,8.0,4,1,8.0,6,1,8.5,2,1,official_open_data_snapshot_derived_ranks,5de84a91b076fa3b78d53a1e855ff63818eb0352b9d8b2c0506f8ae20f8afce6
2025,2024,156,Europe,Northern Europe,ISL,Iceland,3.03,173,1,2.97,172,0,3.1,176,1,8.17,4,0,5.0,125,1,3.5,141,1,1.0,168,1,2.0,171,1,3.0,160,1,1.0,187,1,1.0,168,1,1.5,181,1,1.0,174,1,1.5,153,1,4.5,101,1,4.5,114,1,4.5,114,1,5.5,60,1,5.0,146,1,3.5,98,1,4.5,143,1,1.0,190,1,4.5,141,1,2.0,174,1,8.0,9,1,7.5,12,1,8.5,11,1,8.5,3,1,8.0,4,1,9.0,1,1,8.5,3,1,8.0,1,1,8.5,1,1,7.5,11,1,8.0,6,1,8.0,5,1,official_open_data_snapshot_derived_ranks,2cc99954b58a78cbe6df17c63d556be58a286d098cadfb1169b202ba1fbec558
2025,2024,157,Europe,Northern Europe,LVA,Latvia,4.08,149,1,4.47,127,1,3.7,163,1,7.63,11,1,5.0,125,1,4.5,119,1,3.0,102,1,3.5,138,1,5.5,80,1,5.5,66,1,2.0,132,1,2.0,175,1,2.0,148,1,4.5,54,1,5.5,75,1,5.5,76,1,6.0,65,1,6.0,50,1,6.5,80,1,4.0,86,1,4.0,158,1,2.5,170,1,5.0,120,1,3.0,160,1,7.5,11,1,7.0,18,1,8.5,11,1,8.5,3,1,8.0,4,1,7.5,13,1,8.5,3,1,6.0,31,1,8.0,5,1,7.5,11,1,7.5,11,1,7.0,25,1,official_open_data_snapshot_derived_ranks,1376629c05f4aa3bbdebd1120f589433fbf2c3fabf8bd913bb608c22b38a3fa9
2025,2024,158,Europe,Northern Europe,LTU,Lithuania,4.08,149,1,4.07,145,0,4.1,147,1,7.38,21,1,4.5,150,1,3.5,141,1,2.0,129,1,3.5,138,1,3.5,147,1,5.5,66,1,2.0,132,1,3.0,160,1,3.0,127,1,4.5,54,1,5.0,89,1,4.5,114,1,5.0,97,1,5.5,60,1,6.0,107,1,3.5,98,1,4.5,143,1,4.0,140,1,4.5,141,1,4.0,123,1,7.0,19,1,7.0,18,1,8.5,11,1,7.5,19,1,7.5,16,1,7.5,13,1,8.5,3,1,6.5,20,1,7.5,13,1,7.0,21,1,6.5,22,1,7.5,17,1,official_open_data_snapshot_derived_ranks,9fcf85e5901059bbb5b0da53ab3ca2f4a918ddce4cf63abc1ba6155d4896b4bb
2025,2024,159,Europe,Northern Europe,NOR,Norway,3.83,161,1,4.17,136,1,3.5,168,1,7.92,8,0,5.0,125,1,3.5,141,1,3.0,102,1,4.5,106,1,2.5,168,1,4.5,100,1,2.5,117,1,4.5,101,1,2.5,143,1,4.0,72,1,5.5,75,1,4.5,114,1,5.0,97,1,5.5,60,1,5.5,131,1,4.0,86,1,5.0,120,1,1.5,183,1,5.0,120,1,2.0,174,1,8.5,3,1,8.0,5,1,9.0,1,1,8.5,3,1,8.0,4,1,7.5,13,1,8.0,11,1,7.5,7,1,7.5,13,1,7.0,21,1,7.5,11,1,8.0,5,1,official_open_data_snapshot_derived_ranks,b07daa584429f8af7e94cd63f5085f99b2e33a02e441decf44a1b3998dc28d8f
2025,2024,160,Europe,Northern Europe,SWE,Sweden,4.73,118,1,4.67,114,1,4.8,118,1,7.38,21,1,5.0,125,1,6.0,72,1,5.0,60,1,6.5,53,1,3.5,147,1,3.5,143,1,2.0,132,1,4.0,116,1,1.5,162,1,3.0,101,1,6.0,61,1,5.0,100,1,6.0,65,1,6.5,38,1,6.5,80,1,5.5,48,1,6.5,57,1,2.0,174,1,6.5,49,1,3.5,146,1,6.5,29,1,8.5,3,1,8.5,11,1,8.0,10,1,7.0,21,1,6.0,44,1,8.0,11,1,8.0,1,1,7.0,22,1,6.0,31,1,7.0,19,1,8.0,5,1,official_open_data_snapshot_derived_ranks,f361387b88538b89ea2737c0ccb24037d6549992d33cab88a6bbfc68c3021a03
2025,2024,161,Europe,Southern Europe,CYP,Cyprus,4.5,129,1,4.1,144,0,4.9,115,1,4.5,111,1,5.5,100,1,7.0,38,1,3.0,102,1,2.5,161,1,5.5,80,1,5.0,81,1,2.5,117,1,3.5,138,1,2.0,148,1,2.5,118,1,5.0,89,1,4.5,114,1,3.0,152,1,4.5,95,1,5.5,131,1,3.5,98,1,5.0,120,1,4.0,140,1,7.0,34,1,5.0,78,1,4.5,88,1,4.5,75,1,7.0,44,1,6.0,69,1,4.5,79,1,5.5,56,1,2.5,173,1,3.5,143,1,4.0,111,1,4.5,68,1,4.0,108,1,3.5,122,1,official_open_data_snapshot_derived_ranks,fe2b984b7c18bfdac3fdcd96ad4529615d9b9ce6ef6c8d57f80b05370aa4d2ab
2025,2024,162,Europe,Southern Europe,GRC,Greece,5.55,73,1,4.9,101,1,6.2,50,1,5.13,79,1,5.5,100,1,8.0,12,1,5.5,48,1,3.5,138,1,5.5,80,1,5.5,66,1,2.0,132,1,3.0,160,1,3.5,115,1,5.5,42,1,5.5,75,1,5.5,76,1,4.0,126,1,4.5,95,1,6.5,80,1,4.0,86,1,6.5,57,1,7.5,62,1,6.5,49,1,6.5,36,1,5.0,69,1,4.5,75,1,7.0,44,1,6.0,69,1,4.5,79,1,5.0,75,1,5.5,65,1,5.5,47,1,5.5,50,1,4.0,84,1,5.0,66,1,4.0,105,1,official_open_data_snapshot_derived_ranks,c4f065bd6b12ee6b6ebf13a418b4e30cf632c08354960e3867968e404c11d27d
2025,2024,163,Europe,Southern Europe,ITA,Italy,6.37,39,1,5.83,51,0,6.9,28,1,6.38,32,0,7.0,56,1,7.5,24,1,7.5,16,1,6.0,66,1,6.0,55,1,4.5,100,1,3.0,105,1,3.5,138,1,5.5,74,1,4.5,54,1,8.0,16,1,5.5,76,1,6.0,65,1,6.0,50,1,7.0,53,1,9.0,4,1,4.0,158,1,7.0,81,1,7.5,17,1,7.0,21,1,6.0,38,1,5.0,59,1,9.0,1,1,7.5,19,1,5.5,51,1,8.0,7,1,6.0,46,1,5.5,47,1,5.0,67,1,5.5,40,1,6.0,34,1,7.5,17,1,official_open_data_snapshot_derived_ranks,6ef4748c507d2591141ffec886425a8ce65eb234f56f49292598895deffec288
2025,2024,164,Europe,Southern Europe,MLT,Malta,4.87,111,0,4.13,140,1,5.6,78,1,5.08,83,1,5.0,125,1,3.5,141,1,2.5,120,1,3.0,148,1,4.0,133,1,3.5,143,1,1.0,168,1,5.0,81,1,4.0,101,1,2.5,118,1,5.5,75,1,4.0,145,1,5.0,97,1,5.5,60,1,8.0,13,1,2.0,129,1,7.0,34,1,7.5,62,1,5.0,120,1,6.5,36,1,4.5,88,1,4.0,94,1,7.0,44,1,6.0,69,1,4.5,79,1,5.0,75,1,4.5,108,1,4.0,122,1,6.5,30,1,7.0,21,1,4.0,108,1,4.0,105,1,official_open_data_snapshot_derived_ranks,7dd59fbbd991b45666e2de6236acdf40c95716ee06af9ea1800cfe226698a82e
2025,2024,165,Europe,Southern Europe,MCO,Monaco,2.58,184,0,1.67,191,1,3.5,168,1,5.83,42,0,1.5,189,1,1.0,187,1,1.0,168,1,1.5,183,1,1.0,190,1,1.0,187,1,1.0,168,1,1.0,187,1,1.0,174,1,2.0,140,1,2.5,151,1,2.5,182,1,2.0,169,1,2.5,150,1,3.5,177,1,1.0,146,1,2.5,184,1,3.5,150,1,5.5,96,1,5.0,78,1,4.5,88,1,4.0,94,1,5.5,105,1,7.0,28,1,8.0,4,1,7.0,25,1,6.5,34,1,5.0,75,1,4.5,87,1,8.0,4,1,5.5,52,1,4.5,87,1,official_open_data_snapshot_derived_ranks,62fe7134fb1155c6b3af8cda087ee1270cf651133675af9ab0143e61ca00e8a1
2025,2024,166,Europe,Southern Europe,PRT,Portugal,4.97,103,1,4.73,111,1,5.2,97,1,6.58,29,0,6.0,85,1,5.5,88,1,3.5,95,1,4.0,120,1,4.5,117,1,4.0,115,1,4.0,82,1,4.0,116,1,3.5,115,1,4.5,54,1,6.5,47,1,5.5,76,1,5.0,97,1,5.5,60,1,5.0,146,1,4.5,78,1,6.0,74,1,4.5,131,1,6.0,76,1,5.0,78,1,7.0,19,1,5.0,59,1,8.0,25,1,7.0,28,1,6.0,37,1,7.0,25,1,6.0,46,1,6.5,20,1,6.0,36,1,7.0,21,1,6.0,34,1,7.5,17,1,official_open_data_snapshot_derived_ranks,163ab963a5b68967fc856dba2557b0c91291c5399205fd6eb08d1920ab3570df
2025,2024,167,Europe,Southern Europe,SMR,San Marino,3.12,171,0,2.03,189,0,4.2,142,1,5.29,71,1,2.0,184,1,1.0,187,1,1.0,168,1,2.0,171,1,2.0,175,1,1.5,179,1,1.0,168,1,1.0,187,1,1.0,174,1,2.0,140,1,3.5,126,1,2.5,182,1,1.5,177,1,1.5,179,1,7.0,53,1,1.0,146,1,3.0,175,1,5.0,127,1,6.5,49,1,5.5,68,1,4.5,88,1,4.5,75,1,6.0,85,1,5.5,92,1,6.5,28,1,5.0,75,1,6.0,46,1,4.5,98,1,5.5,50,1,5.5,40,1,4.5,90,1,5.5,57,1,official_open_data_snapshot_derived_ranks,bb0a0091fb42629d1e12eeeac07e39022383f636413638b3b13b50721de5adda
2025,2024,168,Europe,Southern Europe,ESP,Spain,6.05,49,0,5.9,49,0,6.2,50,1,6.67,28,0,7.0,56,1,7.5,24,1,4.0,82,1,4.5,106,1,6.0,55,1,6.0,36,1,3.5,93,1,5.5,70,1,3.0,127,1,6.5,23,1,8.0,16,1,7.5,7,1,6.0,65,1,6.5,38,1,7.0,53,1,6.0,36,1,7.0,34,1,5.5,119,1,7.5,17,1,5.0,78,1,6.5,29,1,5.5,42,1,8.5,11,1,8.0,10,1,7.0,21,1,8.0,7,1,5.5,65,1,6.0,31,1,6.0,36,1,6.5,28,1,5.5,52,1,7.0,25,1,official_open_data_snapshot_derived_ranks,0a73203c4e75b8fda2475787806192e3488a49c9bed44746f69b4736083bcb2f
2025,2024,169,Europe,Western Europe,AND,Andorra,2.7,183,0,2.2,187,1,3.2,174,1,8.0,6,1,1.5,189,1,1.5,179,1,1.0,168,1,2.5,161,1,1.5,187,1,4.0,115,1,1.0,168,1,1.5,181,1,1.0,174,1,1.5,153,1,3.0,137,1,4.0,145,1,1.5,177,1,2.0,163,1,5.5,131,1,1.0,146,1,3.5,169,1,1.0,190,1,5.5,96,1,5.0,78,1,7.0,19,1,7.5,12,1,8.5,11,1,8.5,3,1,8.0,4,1,8.5,4,1,7.5,19,1,7.5,7,1,8.0,5,1,8.5,2,1,8.5,2,1,8.0,5,1,official_open_data_snapshot_derived_ranks,810e5d41c22b7c67d2a9c0dd455dbb549338c9cee96d665874170913ff84e5b3
2025,2024,170,Europe,Western Europe,AUT,Austria,4.3,139,0,4.3,132,1,4.3,136,1,7.54,13,1,4.5,150,1,6.5,52,1,4.0,82,1,5.0,90,1,5.0,100,1,3.5,143,1,2.0,132,1,2.5,170,1,2.0,148,1,4.0,72,1,4.5,101,1,4.5,114,1,5.0,97,1,5.5,60,1,6.0,107,1,2.0,129,1,4.0,158,1,4.0,140,1,6.5,49,1,5.0,78,1,7.0,19,1,6.5,25,1,7.5,35,1,8.0,10,1,8.0,4,1,9.0,1,1,8.0,11,1,6.5,20,1,7.0,22,1,8.0,4,1,7.5,11,1,7.5,17,1,official_open_data_snapshot_derived_ranks,66a0a6e8c8108a7c1804e238aed6db6039b15d30bf148674c3055c05ef8fcb23
2025,2024,171,Europe,Western Europe,BEL,Belgium,4.82,114,1,5.53,62,1,4.1,147,1,7.17,25,0,5.5,100,1,6.5,52,1,3.0,102,1,6.5,53,1,6.0,55,1,5.0,81,1,3.5,93,1,4.0,116,1,4.0,101,1,4.0,72,1,8.0,16,1,6.5,30,1,7.5,24,1,6.5,38,1,6.5,80,1,3.0,111,1,5.5,105,1,2.5,170,1,6.0,76,1,3.5,146,1,7.5,11,1,6.5,25,1,8.5,11,1,7.5,19,1,6.5,28,1,6.5,34,1,6.0,46,1,7.0,12,1,7.0,22,1,8.0,4,1,7.5,11,1,7.5,17,1,official_open_data_snapshot_derived_ranks,ccab4d83e50d5424ac58d04da9f76e60cedadfd10784d4133a3538895fdfbdee
2025,2024,172,Europe,Western Europe,FRA,France,5.92,56,1,6.13,43,1,5.7,74,1,7.04,26,0,6.5,71,1,7.5,24,1,4.5,72,1,6.5,53,1,7.0,22,1,6.0,36,1,4.0,82,1,5.5,70,1,5.0,85,1,5.5,42,1,7.5,24,1,7.0,13,1,6.5,50,1,6.5,38,1,6.5,80,1,5.5,48,1,6.5,57,1,3.5,150,1,7.5,17,1,5.5,68,1,6.5,29,1,6.5,25,1,8.5,11,1,7.5,19,1,6.5,28,1,7.0,25,1,5.5,65,1,8.0,1,1,8.0,5,1,6.0,31,1,7.5,11,1,7.0,25,1,official_open_data_snapshot_derived_ranks,dace9a4203ec3f68e210ad7d2ee91c4bb282611520311b1e336fae96375c208b
2025,2024,173,Europe,Western Europe,DEU,Germany,5.35,82,0,5.4,69,1,5.3,92,1,7.42,18,1,6.0,85,1,7.0,38,1,5.5,48,1,5.5,79,1,5.5,80,1,4.0,115,1,3.0,105,1,3.5,138,1,3.0,127,1,4.0,72,1,7.5,24,1,5.5,76,1,6.5,50,1,7.0,23,1,7.5,37,1,5.0,63,1,6.0,74,1,2.0,174,1,7.5,17,1,6.0,50,1,7.0,19,1,7.0,18,1,8.0,25,1,7.5,19,1,8.0,4,1,7.5,13,1,8.0,11,1,6.0,31,1,7.0,22,1,8.0,4,1,7.5,11,1,7.5,17,1,official_open_data_snapshot_derived_ranks,aa96fc7828e1643c644b27b1075312bcd60d7802e36d3c71c02df2c2ab5b904e
2025,2024,174,Europe,Western Europe,IRL,Ireland,4.97,103,1,5.13,89,1,4.8,118,1,7.42,18,1,5.0,125,1,4.5,119,1,6.0,34,1,4.0,120,1,5.0,100,1,5.0,81,1,2.0,132,1,3.5,138,1,4.5,94,1,6.0,31,1,7.5,24,1,5.5,76,1,6.5,50,1,6.0,50,1,6.0,107,1,6.0,36,1,5.5,105,1,4.0,140,1,5.5,96,1,3.0,160,1,7.0,19,1,8.0,5,1,8.0,25,1,8.0,10,1,7.0,21,1,7.5,13,1,7.5,19,1,7.5,7,1,8.0,5,1,7.5,11,1,6.0,34,1,7.0,25,1,official_open_data_snapshot_derived_ranks,d0d58c2b6e11cec230f04d160ddfc3f81669ee9a83b83445a636b98b9eaec2c3
2025,2024,175,Europe,Western Europe,LIE,Liechtenstein,2.1,190,0,2.2,187,1,2.0,190,0,8.42,1,1,2.0,184,1,1.5,179,1,1.5,150,1,1.0,188,1,1.0,190,1,1.0,187,1,1.5,154,1,1.0,187,1,1.5,162,1,1.5,153,1,3.0,137,1,3.5,159,1,2.0,169,1,4.0,111,1,7.0,53,1,1.0,146,1,1.0,192,1,1.0,190,1,3.0,180,1,4.0,123,1,9.0,1,1,8.0,5,1,8.0,25,1,8.5,3,1,9.0,1,0,8.5,4,1,9.5,1,0,5.5,47,1,8.5,1,1,9.5,1,0,8.5,2,1,8.5,2,1,official_open_data_snapshot_derived_ranks,7583e374d23b77d7fd4a381c0e58ac319a4fc07402cabca4ed60ee99533821bc
2025,2024,176,Europe,Western Europe,LUX,Luxembourg,2.75,180,0,2.8,173,0,2.7,183,0,7.5,15,1,4.0,161,1,2.0,173,1,1.5,150,1,2.0,171,1,3.5,147,1,2.0,166,1,1.0,168,1,1.0,187,1,1.0,174,1,3.0,101,1,3.5,126,1,2.5,182,1,3.5,139,1,4.5,95,1,7.0,53,1,1.0,146,1,2.0,186,1,1.0,190,1,5.5,96,1,4.0,123,1,8.5,3,1,6.5,25,1,9.0,1,1,7.5,19,1,7.5,16,1,7.0,25,1,8.0,11,1,5.5,47,1,7.5,13,1,7.5,11,1,7.5,11,1,8.0,5,1,official_open_data_snapshot_derived_ranks,f105b73fdbc98888c8626a6fae89f78f9397d43ef7acf7a7ef5bf8386eb81355
2025,2024,177,Europe,Western Europe,NLD,Netherlands,5.17,91,1,5.33,74,1,5.0,111,1,7.42,18,1,5.5,100,1,5.5,88,1,2.0,129,1,6.0,66,1,5.0,100,1,4.0,115,1,4.0,82,1,5.0,81,1,4.5,94,1,4.0,72,1,8.0,16,1,5.5,76,1,8.0,17,1,7.0,23,1,6.0,107,1,4.0,86,1,6.5,57,1,3.0,159,1,7.0,34,1,4.5,108,1,7.5,11,1,8.0,5,1,9.0,1,1,7.5,19,1,7.0,21,1,7.0,25,1,6.0,46,1,6.5,20,1,6.5,30,1,8.0,4,1,8.0,6,1,8.0,5,1,official_open_data_snapshot_derived_ranks,5d22e62d7dc095e7fe17c814939d648ad6d62a3e0f229e124f2f8df1a450b1f8
2025,2024,178,Europe,Western Europe,CHE,Switzerland,4.65,124,0,4.8,108,1,4.5,131,1,7.25,24,0,5.0,125,1,4.5,119,1,2.5,120,1,6.0,66,1,5.5,80,1,4.0,115,1,1.5,154,1,3.5,138,1,7.0,43,1,2.5,118,1,6.5,47,1,4.5,114,1,4.5,114,1,7.0,23,1,7.5,37,1,3.5,98,1,3.0,175,1,1.5,183,1,7.0,34,1,7.5,11,1,8.5,3,1,7.0,18,1,8.0,25,1,7.0,28,1,6.5,28,1,7.5,13,1,8.5,3,1,5.5,47,1,7.0,22,1,7.5,11,1,6.5,22,1,7.5,17,1,official_open_data_snapshot_derived_ranks,60eef067720d86c5c27ebc18c6d53e443733026161f942da086eccfbb2bfef51
2025,2024,179,Europe,Western Europe,GBR,United Kingdom,5.87,60,1,5.63,57,1,6.1,55,1,7.63,11,1,7.0,56,1,7.0,38,1,5.0,60,1,4.0,120,1,6.5,43,1,6.0,36,1,3.0,105,1,4.0,116,1,3.0,127,1,5.0,48,1,7.5,24,1,6.0,51,1,6.0,65,1,7.0,23,1,7.5,37,1,5.5,48,1,7.0,34,1,3.0,159,1,7.5,17,1,7.5,11,1,7.5,11,1,6.5,25,1,8.0,25,1,8.0,10,1,7.5,16,1,7.5,13,1,8.5,3,1,7.0,12,1,7.5,13,1,7.5,11,1,8.0,6,1,8.0,5,1,official_open_data_snapshot_derived_ranks,ed74953b560d2e3603442d40b3fd14c5e8e20e845c8d0790484f90e6f9b5ec8c
2025,2024,180,Oceania,Australia and New Zealand,AUS,Australia,4.07,152,0,4.43,129,0,3.7,163,1,7.54,13,1,3.5,175,1,2.5,163,1,4.0,82,1,3.5,138,1,3.0,160,1,5.5,66,1,3.0,105,1,4.5,101,1,2.0,148,1,3.5,91,1,6.5,47,1,3.0,173,1,7.0,37,1,8.0,7,1,7.0,53,1,4.5,78,1,5.0,120,1,2.0,174,1,4.0,155,1,3.0,160,1,7.5,11,1,8.0,5,1,9.0,1,1,8.0,10,1,8.0,4,1,8.0,7,1,7.5,19,1,7.0,12,1,7.5,13,1,6.5,28,1,7.0,19,1,6.5,36,1,official_open_data_snapshot_derived_ranks,c9e5346b9ce326d524287af266db88cec3f37ac595526b642450e16fedc719f1
2025,2024,181,Oceania,Australia and New Zealand,NZL,New Zealand,4.13,147,0,3.87,152,1,4.4,134,1,7.88,9,0,3.5,175,1,2.5,163,1,3.0,102,1,3.5,138,1,2.0,175,1,3.0,157,1,2.5,117,1,4.0,116,1,1.5,162,1,2.0,140,1,5.5,75,1,4.5,114,1,6.5,50,1,7.0,23,1,7.0,53,1,4.0,86,1,6.0,74,1,2.0,174,1,5.0,120,1,5.0,78,1,8.0,9,1,7.5,12,1,8.5,11,1,8.0,10,1,8.0,4,1,7.5,13,1,8.5,3,1,7.0,12,1,8.0,5,1,8.0,4,1,7.5,11,1,8.0,5,1,official_open_data_snapshot_derived_ranks,4fae1839d5d68424d68e5d35b8bd3c857d3895d8bc51332db749f4d6ade42309
2025,2024,182,Oceania,Melanesia,FJI,Fiji,4.02,154,0,4.13,140,1,3.9,154,1,5.38,62,1,5.5,100,1,3.5,141,1,2.0,129,1,2.0,171,1,3.5,147,1,3.0,157,1,4.0,82,1,5.0,81,1,3.0,127,1,2.0,140,1,5.0,89,1,6.0,51,1,7.5,24,1,4.5,95,1,5.5,131,1,1.0,146,1,5.5,105,1,4.0,140,1,6.0,76,1,3.0,160,1,5.5,50,1,5.0,59,1,5.5,105,1,6.0,69,1,4.0,97,1,5.0,75,1,5.0,90,1,6.0,31,1,5.5,50,1,5.5,40,1,5.5,52,1,6.0,49,1,official_open_data_snapshot_derived_ranks,5c388a200638b0b9816fce7e72e62c8f0d23a2b00559e90fdaaa328b85cd3097
2025,2024,183,Oceania,Melanesia,PNG,Papua New Guinea,5.78,65,1,5.47,64,1,6.1,55,1,3.21,159,1,7.0,56,1,3.5,141,1,2.0,129,1,6.5,53,1,5.0,100,1,5.5,66,1,8.5,2,1,6.5,40,1,7.0,43,1,1.0,170,1,5.0,89,1,6.5,30,1,5.5,79,1,4.0,111,1,8.5,6,1,1.0,146,1,8.0,7,1,8.5,24,1,6.5,49,1,6.5,36,1,2.0,170,1,2.0,160,1,4.5,150,1,5.5,92,1,3.5,113,1,3.0,154,1,3.0,156,1,3.5,143,1,3.0,153,1,3.0,133,1,2.5,165,1,3.0,138,1,official_open_data_snapshot_derived_ranks,ea34da9f9639a5cfa289e75dcbde0320116d8106707cf225e1cd8c3b7c601374
2025,2024,184,Oceania,Melanesia,SLB,Solomon Islands,4.5,129,1,3.6,160,0,5.4,88,1,4.71,100,1,5.0,125,1,2.5,163,1,1.5,150,1,2.5,161,1,4.0,133,1,1.5,179,1,8.0,8,1,7.5,15,1,4.0,101,1,1.0,170,1,2.5,151,1,3.5,159,1,2.0,169,1,1.5,179,1,7.0,53,1,1.0,146,1,4.5,143,1,7.5,62,1,7.0,34,1,7.0,21,1,4.0,114,1,4.5,75,1,5.0,130,1,4.5,132,1,5.0,59,1,5.5,56,1,4.5,108,1,4.0,122,1,4.0,111,1,4.0,84,1,6.5,22,1,5.0,67,1,official_open_data_snapshot_derived_ranks,c97c8f6697795087c21e74ab55840148adf48730175a9f1daac5a5a5000ece2c
2025,2024,185,Oceania,Melanesia,VUT,Vanuatu,2.33,186,1,2.47,182,0,2.2,186,1,4.88,93,1,4.5,150,1,1.5,179,1,1.0,168,1,1.0,188,1,2.0,175,1,1.0,187,1,3.5,93,1,7.0,23,1,1.0,174,1,1.5,153,1,2.5,151,1,2.5,182,1,2.0,169,1,2.5,150,1,3.5,177,1,1.0,146,1,1.5,189,1,3.0,159,1,4.0,155,1,1.5,181,1,5.0,69,1,5.5,42,1,5.5,105,1,6.0,69,1,6.5,28,1,6.5,34,1,4.5,108,1,2.5,170,1,3.5,136,1,4.5,68,1,3.0,149,1,5.5,57,1,official_open_data_snapshot_derived_ranks,61f2cca4386d2608ea81f3424a8d4ec61ace10497f563c2b2544095e8099c04e
2025,2024,186,Oceania,Micronesia,KIR,Kiribati,2.33,186,1,2.37,185,1,2.3,185,0,4.46,114,1,5.0,125,1,1.0,187,1,1.5,150,1,1.5,183,1,2.0,175,1,1.5,179,1,1.0,168,1,7.0,23,1,2.0,148,1,1.0,170,1,2.0,164,1,3.0,173,1,1.0,187,1,2.0,163,1,4.0,167,1,1.0,146,1,4.0,158,1,1.5,183,1,3.0,180,1,2.0,174,1,5.5,50,1,5.5,42,1,5.0,130,1,6.0,69,1,4.0,97,1,5.0,75,1,4.5,108,1,4.0,122,1,4.0,111,1,1.5,178,1,3.0,149,1,5.5,57,1,official_open_data_snapshot_derived_ranks,faff64a9267ec319ba52e9c018d7c0ce7d6a452e2ea4b61a7559140d093e7e0b
2025,2024,187,Oceania,Micronesia,MHL,Marshall Islands,2.28,189,0,2.37,185,1,2.2,186,1,5.67,44,1,5.0,125,1,1.5,179,1,1.0,168,1,1.0,188,1,2.0,175,1,2.0,166,1,1.0,168,1,7.0,23,1,1.0,174,1,1.5,153,1,2.5,151,1,2.5,182,1,2.5,164,1,1.5,179,1,3.5,177,1,1.0,146,1,2.5,184,1,2.5,170,1,3.0,180,1,2.0,174,1,7.0,19,1,6.5,25,1,6.0,85,1,6.0,69,1,6.5,28,1,5.5,56,1,6.0,46,1,4.5,98,1,6.0,36,1,3.0,133,1,4.5,90,1,6.5,36,1,official_open_data_snapshot_derived_ranks,33a572bab491173f19eb59e1496aa3c238c60dafe0a7d97ec1114c044a2b9437
2025,2024,188,Oceania,Micronesia,FSM,Micronesia,2.72,181,1,2.53,179,1,2.9,180,1,5.54,52,1,5.0,125,1,1.5,179,1,1.0,168,1,1.5,183,1,3.5,147,1,3.5,143,1,1.5,154,1,7.0,23,1,1.0,174,1,1.0,170,1,2.5,151,1,3.0,173,1,2.0,169,1,1.5,179,1,2.5,186,1,1.0,146,1,4.5,143,1,3.0,159,1,4.5,141,1,1.5,181,1,6.0,38,1,3.5,117,1,6.5,63,1,6.0,69,1,6.0,37,1,6.5,34,1,6.0,46,1,5.0,75,1,4.5,87,1,5.0,52,1,5.0,66,1,6.5,36,1,official_open_data_snapshot_derived_ranks,79770a8067c4f0a65bf7d2e042d178db7694ae48f337984409f9a53946c49b40
2025,2024,189,Oceania,Micronesia,NRU,Nauru,1.72,192,0,1.53,193,0,1.9,191,0,4.83,95,1,1.0,193,0,1.5,179,1,1.0,168,1,1.0,188,1,2.0,175,1,2.0,166,1,1.0,168,1,3.5,138,1,1.0,174,1,1.0,170,1,1.5,178,1,1.5,193,0,1.5,177,1,1.0,189,1,2.5,186,1,1.0,146,1,1.5,189,1,3.5,150,1,2.0,190,1,1.5,181,1,5.0,69,1,5.0,59,1,6.0,85,1,7.0,28,1,6.5,28,1,5.0,75,1,7.0,24,1,7.0,12,1,3.5,136,1,2.0,161,1,1.0,190,1,3.0,138,1,official_open_data_snapshot_derived_ranks,d3f1bd4e29ed1e551e427a210c83d31ee94f006ffefe820740f8a825874e511e
2025,2024,190,Oceania,Micronesia,PLW,Palau,2.83,179,0,2.77,174,0,2.9,180,1,5.08,83,1,4.0,161,1,2.0,173,1,2.0,129,1,1.0,188,1,4.5,117,1,2.5,165,0,1.0,168,1,7.0,23,1,1.0,174,1,1.0,170,1,2.0,164,1,3.0,173,1,4.5,114,1,3.0,134,1,3.0,184,1,1.0,146,1,4.0,158,1,3.5,150,1,4.0,155,1,2.0,174,1,6.5,29,1,5.5,42,1,7.0,44,1,5.5,92,1,5.0,59,1,5.0,75,1,4.5,108,1,4.5,98,1,4.0,111,1,3.0,133,1,5.0,66,1,5.5,57,1,official_open_data_snapshot_derived_ranks,f54cfd908e50bd057a25f4360833cab829a9fdd7dc09d1fcd9e7d843ae4650d3
2025,2024,191,Oceania,Polynesia,WSM,Samoa,2.38,185,0,2.57,177,1,2.2,186,1,5.88,39,1,3.0,182,0,2.0,173,1,1.0,168,1,2.0,171,1,3.5,147,1,1.5,179,1,1.5,154,1,3.5,138,1,1.5,162,1,1.0,170,1,3.0,137,1,4.0,145,1,4.5,114,1,3.0,134,1,3.5,177,1,1.0,146,1,3.0,175,1,2.5,170,1,3.5,174,1,1.0,190,1,5.5,50,1,6.0,34,1,6.0,85,1,6.5,47,1,5.5,51,1,6.5,34,1,7.0,24,1,5.5,47,1,3.5,136,1,5.0,52,1,6.5,22,1,7.0,25,1,official_open_data_snapshot_derived_ranks,f9cb6f35d62549cf43d207469e24c3a837eb1e5600d2830ea6824731d9f96ad7
2025,2024,192,Oceania,Polynesia,TON,Tonga,3.42,167,0,3.03,171,0,3.8,160,1,5.17,75,1,3.5,175,1,1.0,187,1,2.0,129,1,4.5,106,1,3.5,147,1,4.0,115,1,1.0,168,1,3.5,138,1,1.0,174,1,1.0,170,1,4.0,111,1,3.5,159,1,6.5,50,1,2.5,150,1,4.0,167,1,1.0,146,1,4.5,143,1,6.0,107,1,6.0,76,1,1.5,181,1,5.0,69,1,5.0,59,1,6.5,63,1,6.5,47,1,3.5,113,1,6.0,44,1,5.0,90,1,5.0,75,1,4.5,87,1,4.5,68,1,4.0,108,1,6.5,36,1,official_open_data_snapshot_derived_ranks,356b671e7b66c95a1d3a4c1cd5997515988c795fe3947c23fa9b81d378e055b5
2025,2024,193,Oceania,Polynesia,TUV,Tuvalu,1.53,193,0,1.67,191,1,1.4,193,0,5.92,37,1,1.5,189,1,1.0,187,1,1.0,168,1,1.0,188,1,2.0,175,1,2.0,166,1,1.0,168,1,5.5,70,1,1.0,174,1,1.0,170,1,1.5,178,1,2.0,188,1,1.5,177,1,1.0,189,1,2.0,193,0,1.0,146,1,1.0,192,1,1.5,183,1,2.5,187,1,1.0,190,1,5.5,50,1,6.0,34,1,5.5,105,1,6.5,47,1,8.0,4,1,7.0,25,1,6.0,46,1,6.0,31,1,5.5,50,1,4.0,84,1,4.0,108,1,7.0,25,1,official_open_data_snapshot_derived_ranks,e8b22ef844c16a07c7e8ccfcaa24212df81da8315084aa530a156662da53450f
